legacy_alias,current_portion,confidence,candidate_rank,cnf_food_id,score,cnf_fr,cnf_en,kcal_100g,protein_100g,carbs_100g,fat_100g
pomme,1 moyenne,review,1,1688,2.183,"Pomme cannelle, crue","Sugar-apple, raw",94,2.06,23.64,0.29
pomme,1 moyenne,review,2,1696,2.1,"Pomme, crue, avec pelure","Apple, raw, with skin",52,0.26,13.81,0.17
pomme,1 moyenne,review,3,1697,2.1,"Pomme, crue, sans pelure","Apple, raw, without skin",48,0.27,12.76,0.13
pomme,1 moyenne,review,4,2417,2.05,"Pomme de terre, chair, crue","Potato, flesh, raw",77,2.02,17.47,0.09
pomme,1 moyenne,review,5,2418,2.05,"Pomme de terre, pelure, crue","Potato, skin, raw",58,2.57,12.44,0.1
pomme,1 moyenne,review,6,7216,2.05,"Pomme, Gala, crue avec pelure","Apple, Gala, raw, with skin",57,0.25,13.68,0.12
pomme,1 moyenne,review,7,7218,2.05,"Pomme, Fuji, crue avec pelure","Apple, Fuji, raw, with skin",63,0.2,15.22,0.18
pomme,1 moyenne,review,8,7126,2.017,"Pomme, Golden Delicious, crue, avec pelure","Apple, Golden Delicious, raw, with skin",57,0.28,13.6,0.15
banane,1 moyenne,medium,1,1704,2.35,"Banane, crue","Banana, raw",89,1.09,22.84,0.33
banane,1 moyenne,medium,2,1514,1.37,"Banane, déshydratée ou en poudre","Banana, dehydrated or banana powder",346,3.89,88.28,1.81
banane,1 moyenne,medium,3,4857,0.583,"Piment, banane, cru","Pepper, banana, raw",27,1.66,5.35,0.45
banane,1 moyenne,medium,4,1661,0.417,"Plantain, (banane des antilles), jaune, cru","Plantain, yellow raw",122,1.3,31.89,0.37
banane,1 moyenne,medium,5,7824,0.417,"Plantain, (banane des antilles), vert, cru","Plantain, green, raw",152,1.25,36.66,0.07
banane,1 moyenne,medium,6,7645,0.341,"Aliments prêts à manger, frappé avec yogourt faible en gras et glaçons","Fast foods, smoothie, strawberry banana with low-fat yogourt and ice",65,0.86,15.05,0.14
banane,1 moyenne,medium,7,5472,0.22,"Jus, orange-fraise-banane","Juice, Orange-strawberry-banana",50,0.42,12.34,0.16
banane,1 moyenne,medium,8,7580,0.17,"Frappé (smoothie) au jus de fruits, fraises et bananes","Smoothie, fruit juice, strawberry banana",52,0.44,12.37,0.3
orange,1 moyenne,review,1,1617,2.183,"Orange, floride, crue","Orange, florida, raw",46,0.7,11.54,0.21
orange,1 moyenne,review,2,1621,2.183,"Orange, zeste, cru","Orange peel, raw",97,1.5,25,0.2
orange,1 moyenne,review,3,1615,2.1,"Orange, californie, valence, crue","Orange, california, valencia, raw",49,1.04,11.89,0.3
orange,1 moyenne,review,4,1616,2.1,"Orange, californie, navel, crue","Orange, california, navel, raw",49,0.91,12.54,0.15
orange,1 moyenne,review,5,1618,2.1,"Orange, avec pelure, crue","Orange, with peel, raw",63,1.3,15.5,0.3
orange,1 moyenne,review,6,1722,2.05,"Orange, toutes variétés commerciales, crue","Orange, all commercial varieties, raw",47,0.94,11.75,0.12
orange,1 moyenne,review,7,1619,1.903,"Orange, jus, frais","Orange juice, raw",45,0.7,10.4,0.2
orange,1 moyenne,review,8,7051,1.453,"Jus, orange ananas",Orange pineapple juice,51,0.41,12.2,0.08
clémentine,1 fruit,medium,1,5956,2.35,"Clémentine, crue","Clementine, raw",47,0.85,12.02,0.15
clémentine,1 fruit,medium,2,1623,0.583,"Tangerine (mandarine), crue","Tangerine (mandarin), raw",53,0.81,13.34,0.31
clémentine,1 fruit,medium,3,1624,0.22,"Tangerine (mandarine), jus, frais","Tangerine (mandarin) juice, raw",43,0.5,10.1,0.2
pêche,1 moyenne,medium,1,1728,2.35,"Pêche, crue","Peach, raw",39,0.91,9.54,0.25
pêche,1 moyenne,medium,2,1638,1.567,"Pêche, déshydratée (faible en humidité), sulfurée, non cuite","Peach, dehydrated (low moisture), sulphured, uncooked",325,4.89,83.18,1.03
pêche,1 moyenne,medium,3,1639,1.567,"Pêche, déshydratée (faible en humidité), sulfurée, cuite","Peach, dehydrated (low moisture), sulphured, cooked",133,2.01,34.14,0.42
pêche,1 moyenne,medium,4,1729,1.22,"Pêche, moitié ou tranchées, conserve, dans l'eau, solides et liquide","Peach, canned halves or slices, water pack, solids and liquid",24,0.44,6.11,0.06
pêche,1 moyenne,medium,5,1644,1.173,"Pêche, nectar, conserve","Peach nectar, canned",54,0.27,13.92,0.02
pêche,1 moyenne,medium,6,1640,1.04,"Pêche, moitié, séchée, sulfurée, non cuite","Peach, dried halves, sulphured, uncooked",239,3.61,61.33,0.76
pêche,1 moyenne,medium,7,5397,1.04,"Pêche, conserve, dans du sirop épais, égouttée","Peach, canned, heavy syrup, drained",72,0.52,18.43,0.18
pêche,1 moyenne,medium,8,1633,0.94,"Pêche, moitié ou tranchées, conserve, dans du jus, solides et liquide","Peach, canned halves or slices, juice pack, solids and liquid",44,0.63,11.57,0.03
nectarine,1 moyenne,medium,1,1611,1.9,"Nectarine, crue","Nectarine, raw",44,1.06,10.55,0.32
poire,1 moyenne,review,1,1693,2.183,"Poire, asiatique, crue","Pear, asian, raw",42,0.5,10.65,0.23
poire,1 moyenne,review,2,7125,2.183,"Poire, Bartlett, crue","Pear, Bartlett, raw",63,0.39,15.01,0.16
poire,1 moyenne,review,3,7212,2.183,"Poire, bosc, crue","Pear, bosc, raw",67,0.36,16.1,0.09
poire,1 moyenne,review,4,1731,2.1,"Poire, crue, avec pelure","Pear, raw, with skin",57,0.36,15.23,0.14
poire,1 moyenne,review,5,7211,2.1,"Poire, anjou rouge, crue","Pear, red anjou, raw",62,0.33,14.94,0.14
poire,1 moyenne,review,6,7213,2.1,"Poire, anjou verte, crue","Pear, green anjou, raw",66,0.44,15.79,0.1
poire,1 moyenne,review,7,1732,1.245,"Poire, moitié, conserve, dans l'eau, solides et liquide","Pear, canned halves, water pack, solids and liquid",29,0.19,7.81,0.03
poire,1 moyenne,review,8,1652,1.173,"Poire, nectar, conserve","Pear nectar, canned",60,0.11,15.76,0.01
kiwi,1 fruit,review,1,1585,2.35,"Kiwi, cru","Kiwi fruit, raw",61,1.14,14.66,0.52
kiwi,1 fruit,review,2,6790,2.183,"Kiwi doré, cru","Kiwi fruit, golden, raw",63,1.02,15.79,0.28
raisins,1 tasse,review,1,4855,2.05,"Raisin, feuilles (feuilles de vigne), crues","Grape leaves (vine leaves), raw",93,5.6,17.31,2.12
raisins,1 tasse,review,2,1573,1.975,"Raisin, type Nord-Américain, peau non-adhérente, cru","Grape, North American type (slip skin), raw",67,0.63,17.15,0.35
raisins,1 tasse,review,3,1718,1.927,"Raisin, rouge ou vert (Type Européen, comme Thompson sans graines), peau adhérente, cru","Grape, red or green (European type, such as Thompson seedless), adherent skin, raw",69,0.72,18.1,0.16
raisins,1 tasse,review,4,1746,1.9,"Raisins secs, épépinés","Raisin, seeded",296,2.52,78.47,0.54
raisins,1 tasse,review,5,1744,1.733,"Raisin sec, doré, sans pépins","Raisin, golden seedless",302,3.39,79.52,0.46
raisins,1 tasse,review,6,1745,1.733,"Raisin sec, sans pépin (sultana)","Raisin, seedless (sultana)",299,3.07,79.18,0.46
raisins,1 tasse,review,7,1542,1.32,"Raisins de corinthe (zante), secs","Currant, zante, dried",290,3.43,76.98,0.22
raisins,1 tasse,review,8,4856,1.32,"Raisin, feuilles (feuilles de vigne), conserve","Grape leaves (vine leaves), canned",69,4.27,11.71,1.97
fraises,1 tasse,medium,1,1749,2.35,"Fraise, crue","Strawberry, raw",33,0.67,7.68,0.3
fraises,1 tasse,medium,2,2907,1.77,"Fraises, mélange à saveur, poudre","Strawberry flavour mix, powder",389,0.1,99.1,0.2
fraises,1 tasse,medium,3,2908,1.695,"Fraises, mélange à saveur, poudre, avec lait entier","Strawberry flavour mix, powder, with whole milk",88,3,12.3,3.1
fraises,1 tasse,medium,4,5276,1.67,"Fraises, mélange à saveur, poudre, avec lait 2% M.G.","Strawberry flavour mix, powder, with 2% M.F. milk",78,3.04,12.469,1.835
fraises,1 tasse,medium,5,1685,1.401,"Fraise, conserve, dans du sirop épais, solides et liquide","Strawberry, canned, heavy syrup pack, solids and liquid",92,0.56,23.53,0.26
fraises,1 tasse,medium,6,1686,0.98,"Fraise, congelée, sucrée, entière","Strawberry, frozen, sweetened, whole",78,0.52,21,0.14
fraises,1 tasse,medium,7,1687,0.98,"Fraise, congelée, sucrée, tranchée","Strawberry, frozen, sweetened, sliced",96,0.53,25.92,0.13
fraises,1 tasse,medium,8,1750,0.98,"Fraise, congelée, non sucrée","Strawberry, frozen, unsweetened",35,0.43,9.13,0.11
bleuets,1 tasse,review,1,1705,2.35,"Bleuet, cru","Blueberry, raw",57,0.74,14.49,0.33
bleuets,1 tasse,review,2,6381,2.183,"Bleuet sauvage, cru","Blueberry, wild, raw",61,1.22,12.31,0.76
bleuets,1 tasse,review,3,6659,1.453,"Bleuet sauvage, congelé","Blueberry, wild, frozen",57,0,13.85,0.16
bleuets,1 tasse,review,4,1519,1.173,"Bleuet, congélé, sucré","Blueberry, frozen, sweetened",85,0.4,21.95,0.13
bleuets,1 tasse,review,5,7209,1.173,"Bleuet séché, sucré","Blueberry, dried, sweetened",317,2.5,80,2.5
bleuets,1 tasse,review,6,1706,1.09,"Bleuet, congelé, non sucré","Blueberry, frozen, unsweetened",51,0.42,12.17,0.64
bleuets,1 tasse,review,7,1518,0.983,"Bleuet, conserve, sirop épais, solides et liquide","Blueberry, canned, heavy syrup pack, solids and liquid",88,0.65,22.06,0.33
bleuets,1 tasse,review,8,4055,0.45,"Tarte, bleuets, commerciale, 2 croûtes","Pie, blueberry, commercial, 2 crust",232,1.8,34.9,10
framboises,1 tasse,review,1,1747,2.35,"Framboise, crue","Raspberry, raw",53,1.2,11.94,0.65
framboises,1 tasse,review,2,6530,2.183,"Framboise sauvage, crue","Raspberry, wild, raw",62,1.12,13.85,0.28
framboises,1 tasse,review,3,7822,1.453,"Framboises, purée, sans pépins","Raspberries, puree, seedless",41,1.02,7.99,0.87
framboises,1 tasse,review,4,7823,1.37,"Framboises, purée, avec pépins","Raspberries, puree, with seeds",55,1.1,11.51,0.97
framboises,1 tasse,review,5,7826,1.173,"Framboise, jus, concentré",Raspberry juice concentrate,221,3.04,53.19,1.34
framboises,1 tasse,review,6,1676,0.951,"Framboise, conserve, dans du sirop épais, solides et liquide","Raspberry, canned, heavy syrup pack, solids and liquid",91,0.83,23.36,0.12
framboises,1 tasse,review,7,1677,0.613,"Framboise, congelée, sucrée","Raspberry, frozen, sweetened",103,0.7,26.16,0.16
framboises,1 tasse,review,8,7426,0.53,"Framboise, congelée, non sucrée","Raspberry, frozen, unsweetened",52,1.2,11.94,0.65
mûres,1 tasse,medium,1,1610,2.183,"Mûres blanche, crue","Mulberry, raw",43,1.44,9.8,0.39
cerises,1 tasse,review,1,1526,2.1,"Cerise sure, rouge, crue","Cherry, sour, red, raw",50,1,12.18,0.3
cerises,1 tasse,review,2,1577,2.1,"Cerise de terre, crue","Groundcherry, raw",53,1.9,11.2,0.7
cerises,1 tasse,review,3,6260,1.993,"Cerise de Virginie, crue, dénoyautée (cerise à grappes)","Chokecherry, raw, pitted",156,2.89,33.88,0.98
cerises,1 tasse,review,4,1531,1.54,"Cerise sucrée (guigne), crue","Cherry, sweet, raw",63,1.06,16.01,0.2
cerises,1 tasse,review,5,7821,1.37,"Cerise, jus, sure (acidulé)","Cherry juice, tart",59,0.31,13.7,0.54
cerises,1 tasse,review,6,7210,1.263,"Cerise sure, conserve, dans l'eau, drainée","Cherry, sour, canned, water pack, drained",42,0.69,10.45,0.21
cerises,1 tasse,review,7,1527,1.22,"Cerise sure, rouge, conserve, dans l'eau, solides et liquide","Cherry, sour, red, canned, water pack, solids and liquid",36,0.77,8.94,0.1
cerises,1 tasse,review,8,1528,0.931,"Cerise sure, rouge, conserve, dans du sirop épais, solides et liquide","Cherry, sour, red, canned, heavy syrup pack, solids and liquid",91,0.73,23.27,0.1
ananas,1 tasse,medium,1,1734,2.35,"Ananas, cru","Pineapple, raw",50,0.54,13.12,0.12
ananas,1 tasse,medium,2,5403,2.1,"Ananas, cru, variétés traditionnelles","Pineapple, raw, traditional varieties",45,0.55,11.82,0.13
ananas,1 tasse,medium,3,5404,1.77,"Ananas, cru, variété extra sucré","Pineapple, raw, extra sweet variety",51,0.53,13.5,0.11
ananas,1 tasse,medium,4,1735,1.263,"Ananas, conserve, dans l'eau, solides et liquide","Pineapple, canned, water pack, solids and liquid",32,0.43,8.3,0.09
ananas,1 tasse,medium,5,1656,1.09,"Ananas, en morceaux, congelés, sucrés","Pineapple, frozen chunks, sweetened",86,0.4,22.2,0.1
ananas,1 tasse,medium,6,5394,1.04,"Ananas, conserve, dans du jus, égouttés","Pineapple, canned, juice pack, drained",60,0.51,15.56,0.11
ananas,1 tasse,medium,7,1657,1.007,"Ananas, jus, conserve, vitamine C ajoutée","Pineapple juice, canned, added vitamin C",53,0.36,12.87,0.12
ananas,1 tasse,medium,8,1736,0.983,"Ananas, conserve, dans du jus, solides et liquide","Pineapple, canned, juice pack, solids and liquid",60,0.42,15.7,0.08
mangue,1 tasse,medium,1,1603,2.35,"Mangue, crue","Mango, raw",60,0.82,14.98,0.38
mangue,1 tasse,medium,2,6205,1.173,"Mangue, nectar, en conserve","Mango, nectar, canned",51,0.11,13.12,0.06
mangue,1 tasse,medium,3,7597,0.613,"Mangue, séchée, sucrée","Mango, dried, sweetened",319,2.45,78.58,1.18
papaye,1 tasse,medium,1,1628,2.35,"Papaye, crue","Papaya, raw",43,0.47,10.82,0.26
papaye,1 tasse,medium,2,1629,1.173,"Papaye, nectar, conserve","Papaya nectar, canned",57,0.17,14.51,0.15
papaye,1 tasse,medium,3,6937,1.007,"Papaye, conserve dans du sirop épais, drainé","Papaya, canned, heavy syrup pack, drained",206,0.14,55.83,0.55
melon miel,1 tasse,medium,1,1605,2.35,"Melon, miel (honeydew), cru","Melon, honeydew, raw",36,0.54,9.09,0.14
melon miel,1 tasse,medium,2,1604,0.7,"Melon, casaba, cru","Melon, casaba, raw",28,1.11,6.58,0.1
melon miel,1 tasse,medium,3,1721,0.7,"Melon, cantaloup, cru","Melon, cantaloupe, raw",34,0.84,8.16,0.19
melon miel,1 tasse,medium,4,1691,0.617,"Melon d'eau (pasteque), cru","Watermelon, raw",30,0.61,7.55,0.15
melon miel,1 tasse,medium,5,2277,0.617,"Waxgourd (melon d'eau chinois), cru","Waxgourd (Chinese preserving melon), raw",13,0.4,3,0.2
melon miel,1 tasse,medium,6,7336,0.593,"Saucisse, miel et ail, porc, crue","Sausage, honey garlic, pork, raw",260,17.73,2.19,19.52
melon miel,1 tasse,medium,7,1997,0.575,"Margose, fruits, crus","Balsam-pear (bitter gourd, bitter melon), pods, raw",17,1,3.7,0.17
melon miel,1 tasse,medium,8,1995,0.561,"Margose, feuilles tendres, crues","Balsam-pear (bitter gourd, bitter melon), leafy tips, raw",30,5.3,3.29,0.69
cantaloup,1 tasse,review,1,1721,0.583,"Melon, cantaloup, cru","Melon, cantaloupe, raw",34,0.84,8.16,0.19
melon d eau,1 tasse,medium,1,1691,2.45,"Melon d'eau (pasteque), cru","Watermelon, raw",30,0.61,7.55,0.15
melon d eau,1 tasse,medium,2,2277,1.3,"Waxgourd (melon d'eau chinois), cru","Waxgourd (Chinese preserving melon), raw",13,0.4,3,0.2
melon d eau,1 tasse,medium,3,2274,0.783,"Châtaignes d'eau, chinoises, crues","Waterchestnuts, Chinese, raw",97,1.4,23.94,0.1
melon d eau,1 tasse,medium,4,2278,0.779,"Waxgourd (melon d'eau chinois), bouilli, égoutté","Waxgourd (Chinese preserving melon), boiled, drained",13,0.4,3.04,0.2
melon d eau,1 tasse,medium,5,3003,0.7,"Poisson, malachigan d'eau douce (drum), cru","Fish, drum, freshwater, raw",119,17.54,0,4.93
melon d eau,1 tasse,medium,6,3062,0.7,"Poisson, malachigan d'eau douce (sheepshead), cru","Fish, sheepshead, raw",108,20.21,0,2.41
melon d eau,1 tasse,medium,7,6590,0.683,"Waxgourd (melon d'eau chinois), bouilli, égoutté, sel ajouté","Waxgourd (Chinese preserving melon), boiled, drained, with salt",11,0.4,2.45,0.2
melon d eau,1 tasse,medium,8,2986,0.672,"Poisson, bar, d'eau douce, espèces diverses, crues","Fish, bass, fresh water, mixed species, raw",114,18.86,0,3.69
prune,1 fruit,medium,1,1740,2.35,"Prune, crue","Plum, raw",46,0.7,11.42,0.28
prune,1 fruit,medium,2,1582,2.1,"Prune de java, crue","Java-plum, raw",60,0.72,15.56,0.23
prune,1 fruit,medium,3,4879,1.62,"Pruneau, purée",Prune puree,257,2.1,65.1,0.2
prune,1 fruit,medium,4,1670,1.6,"Pruneau, déshydraté (faible en humidité), non cuit","Prune, dehydrated (low moisture), uncooked",339,3.7,89.07,0.73
prune,1 fruit,medium,5,1671,1.6,"Pruneau, déshydraté (faible en humidité), cuit","Prune, dehydrated (low moisture), cooked",113,1.23,29.7,0.24
prune,1 fruit,medium,6,1742,1.453,"Pruneau, séché, non cuit","Prune, dried, uncooked",241,2.18,63.88,0.38
prune,1 fruit,medium,7,1663,1.245,"Prune, pourpre, conserve, dans l'eau, solides et liquide","Plum, canned, purple, water pack, solids and liquid",41,0.39,11.03,0.01
prune,1 fruit,medium,8,1673,1.173,"Pruneau, jus, conserve","Prune juice, canned",71,0.61,17.45,0.03
abricot,1 fruit,medium,1,1498,2.35,"Abricot, cru","Apricot, raw",48,1.4,11.12,0.39
abricot,1 fruit,medium,2,1702,1.567,"Abricot, déshydraté (faible en humidité), sulfuré, non cuit","Apricot, dehydrated (low moisture), sulphured, uncooked",320,4.9,82.89,0.62
abricot,1 fruit,medium,3,1703,1.567,"Abricot, déshydraté (faible en humidité), sulfuré, cuit","Apricot, dehydrated (low moisture), sulphured, cooked",126,1.93,32.62,0.24
abricot,1 fruit,medium,4,1507,1.37,"Abricot, séché, sulfuré, non cuit","Apricot, dried, sulphured, uncooked",241,3.39,62.64,0.51
abricot,1 fruit,medium,5,1500,1.231,"Abricot, entier, pelé, conserve, dans l'eau, solides et liquide","Apricot, canned, whole, peeled, water pack, solids and liquid",22,0.69,5.48,0.03
abricot,1 fruit,medium,6,1499,1.22,"Abricot, moitié avec pelure, conserve, dans l'eau, solides et liquide","Apricot, canned halves with skin, water pack, solids and liquid",27,0.71,6.39,0.16
abricot,1 fruit,medium,7,1510,1.173,"Abricot, congélé, sucré","Apricot, frozen, sweetened",98,0.7,25.1,0.1
abricot,1 fruit,medium,8,1694,1.173,"Abricot, nectar, conserve","Apricot nectar, canned",56,0.37,14.39,0.09
figue fraîche,1 fruit,review,1,1711,0.783,"Figue, crue","Fig, raw",74,0.75,19.18,0.3
figue fraîche,1 fruit,review,2,2405,0.783,"Persil, frais","Parsley, fresh",36,2.97,6.33,0.79
figue fraîche,1 fruit,review,3,212,0.7,"Épices, basilic, frais","Spices, basil, fresh",22,3.15,2.65,0.64
figue fraîche,1 fruit,review,4,215,0.7,"Épices, thym, frais","Spices, thyme, fresh",101,5.56,24.45,1.68
figue fraîche,1 fruit,review,5,1984,0.7,"Amarante, feuilles, fraîches","Amaranth leaves, fresh",23,2.46,4.02,0.33
figue fraîche,1 fruit,review,6,4723,0.7,"Épices, romarin, frais","Spices, rosemary, fresh",131,3.31,20.7,5.86
figue fraîche,1 fruit,review,7,4724,0.7,"Épices, menthe poivrée, fraîche","Spices, peppermint, fresh",70,3.75,14.89,0.94
figue fraîche,1 fruit,review,8,4725,0.7,"Épices, menthe verte, fraîche","Spices, spearmint, fresh",44,3.29,8.41,0.73
dattes,3 dattes,medium,1,5401,1.733,"Datte, variété Medjool","Date, medjool",277,1.81,74.97,0.15
dattes,3 dattes,medium,2,1710,1.04,"Datte, domestique, naturelle et séchée","Date, domestic, natural and dry",282,2.45,75.03,0.39
dattes,3 dattes,medium,3,1583,0.5,"Jujube (datte chinoise), cru","Jujube (chinese date), raw",79,1.2,20.23,0.2
dattes,3 dattes,medium,4,1239,0.333,"Céréale, prête-à-manger, Selects: dattes, raisins secs et pacanes croquantes, Post","Cereal, ready to eat, Selects: Date and Raisin Pecan Crunch, Post",320,8.9,75.9,3.4
grenade,1 tasse grains,medium,1,1667,2.35,"Grenade, crue","Pomegranate, raw",83,1.67,18.7,1.17
pamplemousse,1 moyen,review,1,1565,2.1,"Pamplemousse, blanc, californie, cru","Grapefruit, white, california, raw",37,0.88,9.09,0.1
pamplemousse,1 moyen,review,2,1566,2.1,"Pamplemousse, blanc, floride, cru","Grapefruit, white, florida, raw",32,0.63,8.19,0.1
pamplemousse,1 moyen,review,3,1715,2.05,"Pamplemousse, blanc, toutes régions, cru","Grapefruit, white, all areas, raw",33,0.69,8.41,0.1
pamplemousse,1 moyen,review,4,1564,2.017,"Pamplemousse, rose ou rouge, floride, cru","Grapefruit, pink or red, florida, raw",30,0.55,7.5,0.1
pamplemousse,1 moyen,review,5,1562,1.993,"Pamplemousse, rose ou rouge, toutes régions, cru","Grapefruit, pink or red, all areas, raw",42,0.77,10.66,0.14
pamplemousse,1 moyen,review,6,1563,1.993,"Pamplemousse rose ou rouge, californie ou arizona, cru","Grapefruit, pink or red, california or arizona, raw",37,0.5,9.69,0.1
pamplemousse,1 moyen,review,7,1714,1.975,"Pamplemousse, rose, rouge ou blanc, toutes régions, cru","Grapefruit, pink, red or white, all areas, raw",32,0.63,8.08,0.1
pamplemousse,1 moyen,review,8,1572,1.82,"Pamplemousse blanc, jus, frais","Grapefruit juice, white, raw",39,0.5,9.2,0.1
fruit de la passion,3 fruits,medium,1,1630,2.35,"Grenadille (fruit de la passion), crue","Passion fruit, purple, raw",97,2.2,23.38,0.7
fruit de la passion,3 fruits,medium,2,1631,1.97,"Grenadille (fruit de la passion). jus, frais","Passion fruit juice, purple, raw",51,0.39,13.6,0.05
fruit de la passion,3 fruits,medium,3,1632,1.97,"Grenadille (passiflora laurifolia), jaune, jus, frais","Passion fruit juice, yellow, raw",60,0.67,14.45,0.18
fruit de la passion,3 fruits,medium,4,1585,0.7,"Kiwi, cru","Kiwi fruit, raw",61,1.14,14.66,0.52
fruit de la passion,3 fruits,medium,5,2054,0.7,"Chayotte, fruit, cru","Chayote, fruit, raw",19,0.82,4.51,0.13
fruit de la passion,3 fruits,medium,6,1522,0.65,"Fruit à pain, cru","Breadfruit, raw",103,1.07,27.12,0.23
fruit de la passion,3 fruits,medium,7,1523,0.65,"Carambole (fruit étoile), cru","Carambola (star fruit), raw",31,1.04,6.73,0.33
fruit de la passion,3 fruits,medium,8,6790,0.65,"Kiwi doré, cru","Kiwi fruit, golden, raw",63,1.02,15.79,0.28
litchi,1 tasse,medium,1,1596,2.35,"Litchi, cru","Lychee (litchi), raw",66,0.83,16.53,0.44
litchi,1 tasse,medium,2,1597,1.62,"Litchi, séché","Lychee, dried",277,3.8,70.7,1.2
goyave,1 tasse,review,1,1578,2.183,"Goyave, ordinaire, crue","Guava, common, raw",68,2.55,14.32,0.95
goyave,1 tasse,review,2,1579,2.183,"Goyave, fraise, crue","Guava, strawberry, raw",69,0.58,17.36,0.6
goyave,1 tasse,review,3,1580,1.733,"Goyave, sauce aux, cuite","Guava sauce, cooked",36,0.32,9.48,0.14
goyave,1 tasse,review,4,6204,1.173,"Goyave, nectar, en conserve","Guava, nectar, canned",57,0.09,14.87,0.06
noix de coco fraîche,1/2 tasse,review,1,2558,2.183,"Noix de coco, crue","Coconut meat, raw",354,3.33,15.23,33.49
noix de coco fraîche,1/2 tasse,review,2,2563,1.993,"Noix de coco, crème (liquide de la noix râpée), crue","Coconut cream (liquid from grated meat), raw",330,3.63,6.65,34.68
noix de coco fraîche,1/2 tasse,review,3,2643,1.961,"Noix de coco, lait (liquide de la noix râpée et eau), cru","Coconut milk (liquid from grated meat and water), raw",230,2.29,5.54,23.84
noix de coco fraîche,1/2 tasse,review,4,2566,1.65,"Noix de coco, eau (liquide de la noix)",Coconut water (liquid from coconut),19,0.72,3.71,0.2
noix de coco fraîche,1/2 tasse,review,5,2565,1.231,"Noix de coco, lait (liquide de la noix râpée et eau), conserve","Coconut milk (liquid from grated meat and water), canned",197,2.02,2.81,21.33
noix de coco fraîche,1/2 tasse,review,6,2601,1.231,"Noix de coco, lait (liquide de la noix râpée et eau), congelé","Coconut milk (liquid from grated meat and water), frozen",202,1.61,5.58,20.8
noix de coco fraîche,1/2 tasse,review,7,2562,1.09,"Noix de coco, désséchée, grillée","Coconut meat, desiccated, toasted",592,5.3,44.4,47
noix de coco fraîche,1/2 tasse,review,8,2602,0.81,"Noix de coco, désséchées, en crème","Coconut meat, desiccated, creamed",684,5.3,21.52,69.08
compote de pommes,1/2 tasse,review,1,1681,0.783,"Jambose (pommes de rose), crue","Rose-apple, raw",25,0.6,5.7,0.3
compote de pommes,1/2 tasse,review,2,1543,0.7,"Anone reticulée, anone coeur de boeuf, crue","Custard-apple, raw",101,1.7,25.2,0.6
compote de pommes,1/2 tasse,review,3,1602,0.7,"Abricots de St-Dominique (des Antilles), crus","Mammy-apple, raw",51,0.5,12.5,0.5
compote de pommes,1/2 tasse,review,4,1688,0.7,"Pomme cannelle, crue","Sugar-apple, raw",94,2.06,23.64,0.29
compote de pommes,1/2 tasse,review,5,1696,0.65,"Pomme, crue, avec pelure","Apple, raw, with skin",52,0.26,13.81,0.17
compote de pommes,1/2 tasse,review,6,1697,0.65,"Pomme, crue, sans pelure","Apple, raw, without skin",48,0.27,12.76,0.13
compote de pommes,1/2 tasse,review,7,1577,0.617,"Cerise de terre, crue","Groundcherry, raw",53,1.9,11.2,0.7
compote de pommes,1/2 tasse,review,8,1582,0.617,"Prune de java, crue","Java-plum, raw",60,0.72,15.56,0.23
fruits séchés,1/4 tasse,review,1,1597,0.333,"Litchi, séché","Lychee, dried",277,3.8,70.7,1.2
fruits séchés,1/4 tasse,review,2,1600,0.333,"Longan, séché","Longan, dried",286,4.9,74,0.4
fruits séchés,1/4 tasse,review,3,5402,0.333,"Confits, fruits","Candied foods, fruit",322,0.34,82.74,0.07
fruits séchés,1/4 tasse,review,4,6268,0.333,"Agave, séché","Agave, dried",341,1.71,81.98,0.69
fruits séchés,1/4 tasse,review,5,171,0.25,"Épices, basilic, déshydraté","Spices, basil, dried",233,22.98,47.75,4.07
fruits séchés,1/4 tasse,review,6,176,0.25,"Épices, cerfeuil, déshydraté","Spices, chervil, dried",237,23.2,49.1,3.9
fruits séchés,1/4 tasse,review,7,191,0.25,"Épices, marjolaine, déshydratée","Spices, marjoram, dried",272,12.66,60.56,7.04
fruits séchés,1/4 tasse,review,8,197,0.25,"Épices, persil, déshydraté","Spices, parsley, dried",292,26.63,50.64,5.48
canneberges séchées,1/4 tasse,review,1,1597,0.333,"Litchi, séché","Lychee, dried",277,3.8,70.7,1.2
canneberges séchées,1/4 tasse,review,2,1600,0.333,"Longan, séché","Longan, dried",286,4.9,74,0.4
canneberges séchées,1/4 tasse,review,3,6268,0.333,"Agave, séché","Agave, dried",341,1.71,81.98,0.69
canneberges séchées,1/4 tasse,review,4,171,0.25,"Épices, basilic, déshydraté","Spices, basil, dried",233,22.98,47.75,4.07
canneberges séchées,1/4 tasse,review,5,176,0.25,"Épices, cerfeuil, déshydraté","Spices, chervil, dried",237,23.2,49.1,3.9
canneberges séchées,1/4 tasse,review,6,191,0.25,"Épices, marjolaine, déshydratée","Spices, marjoram, dried",272,12.66,60.56,7.04
canneberges séchées,1/4 tasse,review,7,197,0.25,"Épices, persil, déshydraté","Spices, parsley, dried",292,26.63,50.64,5.48
canneberges séchées,1/4 tasse,review,8,204,0.25,"Épices, romarin, déshydraté","Spices, rosemary, dried",332,4.88,64.06,15.22
brocoli,1 tasse cuit,review,1,2374,2.35,"Brocoli, cru","Broccoli, raw",34,2.82,6.64,0.37
brocoli,1 tasse cuit,review,2,6278,2.183,"Brocoli, fleurettes, crues","Broccoli, flower clusters, raw",28,2.98,5.06,0.35
brocoli,1 tasse cuit,review,3,6279,2.183,"Brocoli, tiges, crues","Broccoli, stalks, raw",28,2.98,5.24,0.35
brocoli,1 tasse cuit,review,4,6280,2.183,"Brocoli, feuilles, crues","Broccoli, leaves, raw",28,2.98,5.06,0.35
brocoli,1 tasse cuit,review,5,7601,2.183,"Brocoli, chinois, cru","Broccoli, chinese, raw",26,1.2,4.67,0.76
brocoli,1 tasse cuit,review,6,5410,2.1,"Rapini (brocoli raab), cru","Broccoli raab (rapini), raw",22,3.17,2.85,0.49
brocoli,1 tasse cuit,review,7,2375,1.733,"Brocoli, bouilli, égoutté","Broccoli, boiled, drained",35,2.38,7.18,0.41
brocoli,1 tasse cuit,review,8,4851,1.733,"Brocoli, chinois, cuit","Broccoli, chinese, cooked",22,1.14,3.81,0.72
chou-fleur,1 tasse cuit,review,1,2385,2.517,"Chou-fleur, cru","Cauliflower, raw",25,1.92,4.97,0.28
chou-fleur,1 tasse cuit,review,2,2358,2.35,"Chou-fleur, vert, cru","Cauliflower, green, raw",31,2.95,6.09,0.3
chou-fleur,1 tasse cuit,review,3,2046,1.9,"Chou-fleur, bouilli, égoutté","Cauliflower, boiled, drained",23,1.84,4.11,0.45
chou-fleur,1 tasse cuit,review,4,2359,1.9,"Chou-fleur, vert, bouilli","Cauliflower, green, boiled",33,3.04,6.28,0.31
chou-fleur,1 tasse cuit,review,5,2360,1.733,"Chou-fleur, vert, bouilli, sel ajouté","Cauliflower, green, boiled, with salt",33,3.04,6.28,0.31
chou-fleur,1 tasse cuit,review,6,6400,1.733,"Chou-fleur, bouilli, égoutté, sel ajouté","Cauliflower, boiled, drained, with salt",23,1.84,4.11,0.45
chou-fleur,1 tasse cuit,review,7,2047,1.52,"Chou-fleur, congelé, non préparé","Cauliflower, frozen, unprepared",24,2.01,4.68,0.27
chou-fleur,1 tasse cuit,review,8,2048,1.52,"Chou-fleur, congelé, bouilli, égoutté","Cauliflower, frozen, boiled, drained",19,1.61,3.75,0.22
carotte,1 tasse,review,1,2380,2.35,"Carotte, crue","Carrot, raw",41,0.93,9.58,0.24
carotte,1 tasse,review,2,2353,2.183,"Carotte, petite, crue","Carrot, baby, raw",35,0.64,8.24,0.13
carotte,1 tasse,review,3,5416,1.9,"Carotte, déshydratée","Carrot, dehydrated",341,8.1,79.57,1.49
carotte,1 tasse,review,4,2381,1.733,"Carotte, bouillie, égouttée","Carrot, boiled, drained",35,0.76,8.22,0.18
carotte,1 tasse,review,5,6396,1.6,"Carotte, bouillie, égouttée, sel ajouté","Carrot, boiled, drained, with salt",35,0.76,8.22,0.18
carotte,1 tasse,review,6,2382,1.37,"Carotte, conserve, solides égouttés","Carrot, canned, drained solids",25,0.64,5.54,0.19
carotte,1 tasse,review,7,2044,1.32,"Carotte, conserve, solides et liquide","Carrot, canned, solids and liquid",23,0.58,5.37,0.14
carotte,1 tasse,review,8,6398,1.263,"Carotte, conserve, solides égouttés, sans sel ajouté","Carrot, canned, drained solids, unsalted",25,0.64,5.54,0.19
concombre,1 tasse,review,1,2363,2.35,"Concombre, cru","Cucumber, raw",16,0.65,3.63,0.11
concombre,1 tasse,review,2,4848,2.183,"Concombre, pelé, cru","Cucumber, peeled, raw",10,0.59,2.16,0.16
concombre,1 tasse,review,3,5940,1.6,"Concombre de mer (holothurie), autochtone","Sea cucumber, Indigenous",68,13,3.1,0.4
tomates cerises,1 tasse,review,1,2255,0.7,"Tomate, verte, crue","Tomato, green, raw",23,1.2,5.1,0.2
tomates cerises,1 tasse,review,2,4849,0.7,"Tomate, jaune, crue","Tomato, yellow, raw",15,0.98,2.98,0.26
tomates cerises,1 tasse,review,3,4880,0.7,"Tomate, orange, crue","Tomato, orange, raw",16,1.16,3.18,0.19
tomates cerises,1 tasse,review,4,1526,0.65,"Cerise sure, rouge, crue","Cherry, sour, red, raw",50,1,12.18,0.3
tomates cerises,1 tasse,review,5,1577,0.65,"Cerise de terre, crue","Groundcherry, raw",53,1.9,11.2,0.7
tomates cerises,1 tasse,review,6,1484,0.617,"Azerole, crue","Acerola (West Indian cherry), raw",32,0.4,7.69,0.3
tomates cerises,1 tasse,review,7,1660,0.617,"Pitanga, (cerise de surinam), crue","Pitanga, raw",33,0.8,7.49,0.4
tomates cerises,1 tasse,review,8,3947,0.617,"Tarte, cerises, faite maison, 2 croûtes","Pie, cherry, homemade, 2 crust",270,2.8,38.5,12.2
tomate,1 moyenne,review,1,2255,2.183,"Tomate, verte, crue","Tomato, green, raw",23,1.2,5.1,0.2
tomate,1 moyenne,review,2,4849,2.183,"Tomate, jaune, crue","Tomato, yellow, raw",15,0.98,2.98,0.26
tomate,1 moyenne,review,3,4880,2.183,"Tomate, orange, crue","Tomato, orange, raw",16,1.16,3.18,0.19
tomate,1 moyenne,review,4,2317,1.993,"Tomate, rouge, mûre, étuvée (escalopes avec chapelure)","Tomato, red, ripe, stewed (scalloped with breadcrumbs)",79,1.96,13.05,2.68
tomate,1 moyenne,review,5,2460,1.993,"Tomate, rouge, mûre, crue, moyenne durant toute l'année","Tomato, red, ripe, raw, year round average",18,0.88,3.89,0.2
tomate,1 moyenne,review,6,4736,1.77,"Tomate, rouge, mûre, conserve, broyée","Tomato, red, ripe, canned, crushed",32,1.64,7.29,0.28
tomate,1 moyenne,review,7,2494,1.733,"Tomates, ketchup (catsup)",Tomato ketchup (catsup),101,1.04,27.4,0.1
tomate,1 moyenne,review,8,5557,1.733,"Tomate, sauce, sans sel","Tomato sauce, unsalted",24,1.2,5.31,0.3
poivron rouge,1 moyen,high,1,2484,2.517,"Poivron rouge, cru","Pepper, sweet, red, raw",26,0.99,6.03,0.3
poivron rouge,1 moyen,high,2,5417,2.067,"Poivron rouge, sauté","Pepper, sweet, red, sauteed",133,1.04,6.57,12.75
poivron rouge,1 moyen,high,3,2486,1.9,"Poivron rouge, bouilli, égoutté","Pepper, sweet, red, boiled, drained",28,0.92,6.7,0.2
poivron rouge,1 moyen,high,4,6485,1.787,"Poivron rouge, lyophilisé","Pepper, sweet, red, freeze-dried",314,17.9,68.7,3
poivron rouge,1 moyen,high,5,2487,1.733,"Poivron rouge, bouilli, égoutté, sel ajouté","Pepper, sweet, red, boiled, drained, with salt",26,0.92,6.11,0.2
poivron rouge,1 moyen,high,6,6484,1.453,"Poivron rouge, conserve, solides et liquide","Pepper, sweet, red, canned, solids and liquid",18,0.8,3.9,0.3
poivron rouge,1 moyen,high,7,6487,1.453,"Poivron rouge, congelé, haché, bouilli, égoutté","Pepper, sweet, red, frozen, chopped, boiled, drained",16,0.95,3.31,0.18
poivron rouge,1 moyen,high,8,6488,1.453,"Poivron rouge, congelé, haché, non préparé","Pepper, sweet, red, frozen, chopped, unprepared",20,1.08,4.45,0.21
poivron vert,1 moyen,high,1,2413,2.517,"Poivron vert, cru","Pepper, sweet, green, raw",20,0.86,4.64,0.17
poivron vert,1 moyen,high,2,5415,2.067,"Poivron vert, sauté","Pepper, sweet, green, sauteed",116,0.78,4.22,11.85
poivron vert,1 moyen,high,3,2414,1.9,"Poivron vert, bouilli, égoutté","Pepper, sweet, green, boiled, drained",28,0.92,6.7,0.2
poivron vert,1 moyen,high,4,2300,1.787,"Poivron vert, lyophilisé","Pepper, sweet, green, freeze-dried",314,17.9,68.7,3
poivron vert,1 moyen,high,5,2485,1.733,"Poivron vert, bouilli, égoutté, sel ajouté","Pepper, sweet, green, boiled, drained, with salt",26,0.92,6.11,0.2
poivron vert,1 moyen,high,6,2161,1.453,"Poivron vert, conserve, solides et liquide","Pepper, sweet, green, canned, solids and liquid",18,0.8,3.9,0.3
poivron vert,1 moyen,high,7,2415,1.453,"Poivron vert, congelé, haché, non préparé","Pepper, sweet, green, frozen, chopped, unprepared",20,1.08,4.45,0.21
poivron vert,1 moyen,high,8,2416,1.453,"Poivron vert, congelé, haché, bouilli, égoutté","Pepper, sweet, green, frozen, chopped, boiled, drained",18,0.95,3.9,0.18
épinards,1 tasse cuits,medium,1,2213,2.35,"Épinard, cru","Spinach, raw",23,2.86,3.63,0.39
épinards,1 tasse cuits,medium,2,2132,2.017,"Épinards de la Nouvelle-Zélande, crus","New Zealand spinach, raw",14,1.5,2.5,0.2
épinards,1 tasse cuits,medium,3,2214,1.733,"Épinard, bouilli, égoutté","Spinach, boiled, drained",23,2.97,3.75,0.26
épinards,1 tasse cuits,medium,4,2315,1.733,"Épinard, soufflé, fait maison","Spinach souffle, homemade",172,7.89,5.9,12.95
épinards,1 tasse cuits,medium,5,6544,1.6,"Épinard, bouillis, égoutté, sel ajouté","Spinach, boiled, drained, with salt",23,2.97,3.75,0.26
épinards,1 tasse cuits,medium,6,2133,1.543,"Épinards de la Nouvelle-Zélande, bouillis, égouttés","New Zealand spinach, boiled, drained",12,1.3,2.13,0.17
épinards,1 tasse cuits,medium,7,4883,1.543,"Épinards blancs de Malabar (baselle blanche), cuits","Malabar spinach, cooked",23,2.98,2.71,0.78
épinards,1 tasse cuits,medium,8,6464,1.511,"Épinards de la Nouvelle-Zélande, bouillis, égouttés, sel ajouté","New Zealand spinach, boiled, drained, with salt",12,1.3,2.13,0.17
kale,1 tasse,review,1,2395,2.35,"Chou vert frisé, cru","Kale, raw",35,2.92,4.42,1.49
kale,1 tasse,review,2,2295,2.183,"Chou à feuilles, non pommé, cru","Kale, scotch, raw",42,2.8,8.32,0.6
kale,1 tasse,review,3,2105,1.733,"Chou vert frisé, bouilli, égoutté","Kale, boiled, drained",36,2.94,5.3,1.21
kale,1 tasse,review,4,2296,1.65,"Chou à feuilles, non pommé, bouilli, égoutté","Kale, scotch, boiled, drained",28,1.9,5.63,0.41
kale,1 tasse,review,5,6446,1.6,"Chou vert frisé, bouilli, égoutté, sel ajouté","Kale, boiled, drained, with salt",44,2.94,5.3,1.21
kale,1 tasse,review,6,2106,1.453,"Chou vert frisé, congelé, non préparé","Kale, frozen, unprepared",27.724665392,2.66,4.88,0.46
kale,1 tasse,review,7,2107,1.37,"Chou vert frisé, congelé, bouilli, égoutté","Kale, frozen, boiled, drained",36,2.94,5.3,1.21
kale,1 tasse,review,8,6448,1.287,"Chou vert frisé, congelé, bouilli, égoutté, sel ajouté","Kale, frozen, boiled, drained, with salt",36,2.94,5.3,1.21
laitue romaine,2 tasses,high,1,2116,4,"Laitue, romaine","Lettuce, cos or romaine",17,1.23,3.29,0.3
laitue romaine,2 tasses,high,2,2051,0.7,"Laitue-tige, crue","Celtuce, raw",18,0.85,3.65,0.3
laitue romaine,2 tasses,high,3,22,0.45,Fromage carvi,"Cheese, caraway",376,25.18,3.06,29.2
laitue romaine,2 tasses,high,4,88,0.45,"Oeuf, canard, entier, frais, cru","Egg, duck, whole, fresh, raw",186,12.81,1.45,13.77
laitue romaine,2 tasses,high,5,89,0.45,"Oeuf, oie, entier, frais, cru","Egg, goose, whole, fresh, raw",185,13.87,1.35,13.27
laitue romaine,2 tasses,high,6,90,0.45,"Oeuf, caille, entier, frais, cru","Egg, quail, whole, fresh, raw",159,13.05,0.41,11.09
laitue romaine,2 tasses,high,7,91,0.45,"Oeuf, dinde, entier, frais, cru","Egg, turkey, whole, fresh, raw",171,13.68,1.15,11.88
laitue romaine,2 tasses,high,8,173,0.45,"Épices, carvi, graines","Spices, caraway seed",333,19.77,49.9,14.59
laitue,2 tasses,medium,1,2051,2.183,"Laitue-tige, crue","Celtuce, raw",18,0.85,3.65,0.3
laitue,2 tasses,medium,2,2116,1.9,"Laitue, romaine","Lettuce, cos or romaine",17,1.23,3.29,0.3
laitue,2 tasses,medium,3,2117,1.9,"Laitue, frisée","Lettuce, looseleaf",15,1.36,2.87,0.15
laitue,2 tasses,medium,4,2398,1.9,"Laitue, iceberg (pommée)","Lettuce, iceberg",14,0.9,2.97,0.14
laitue,2 tasses,medium,5,2115,1.733,"Laitue, butterhead (Boston)","Lettuce, butterhead (Boston, bibb)",13,1.35,2.23,0.22
laitue,2 tasses,medium,6,5412,1.733,"Laitue, feuilles rouges","Lettuce, red leaf",13,1.33,2.26,0.22
laitue,2 tasses,medium,7,6616,1.733,"Laitue, mélange mesclun","Lettuce, spring mix (mesclun)",21,1.896,3.58,0.33
laitue,2 tasses,medium,8,2073,0.45,"Mâche commune, crue","Cornsalad (lamb's lettuce), raw",21,2,3.6,0.4
courgette,1 moyenne,medium,1,6760,1.65,"Courgettes, en pâte à frire, frites","Zucchini, battered and fried",167,2.585,9.284,13.748
courgette,1 moyenne,medium,2,2225,0.5,"Courge d'été, courgette (zucchini), crue","Squash, summer, zucchini, raw",17,1.21,3.11,0.32
courgette,1 moyenne,medium,3,2346,0.45,"Courges d'été, courgettes (zucchini), naines, crues","Squash, summer, zucchini, baby, raw",21,2.71,3.11,0.4
aubergine,1 tasse cuite,medium,1,2088,2.35,"Aubergine, crue","Eggplant (aubergine, brinjal), raw",25,0.98,5.88,0.18
aubergine,1 tasse cuite,medium,2,5550,1.9,"Aubergine, marinée","Eggplant, pickled",49,0.9,9.77,0.7
aubergine,1 tasse cuite,medium,3,2089,1.733,"Aubergine, bouillie, égouttée","Eggplant (aubergine, brinjal), boiled, drained",35,0.83,8.73,0.23
aubergine,1 tasse cuite,medium,4,6424,1.6,"Aubergine, bouillie, égouttée, sel ajouté","Eggplant (aubergine, brinjal), boiled, drained, with salt",33,0.83,8.14,0.23
asperges,1 tasse,medium,1,1990,2.35,"Asperge, crue","Asparagus, raw",20,2.2,3.88,0.12
asperges,1 tasse,medium,2,1991,1.733,"Asperge, bouillie, égouttée","Asparagus, boiled, drained",22,2.4,4.11,0.22
asperges,1 tasse,medium,3,6360,1.6,"Asperge, bouillie, égouttée, sel ajouté","Asparagus, boiled, drained, with salt",22,2.4,4.11,0.22
asperges,1 tasse,medium,4,2366,1.453,"Asperge, conserve, égouttée","Asparagus, canned, drained solids",19,2.14,2.46,0.65
asperges,1 tasse,medium,5,1992,1.32,"Asperge, conserve, solides et liquide","Asparagus, canned, solids and liquid",15,1.8,2.48,0.18
asperges,1 tasse,medium,6,6359,1.287,"Asperge, conserve, solides et liquide, non salée","Asparagus, canned, solids and liquid, unsalted",15,1.8,2.48,0.18
asperges,1 tasse,medium,7,1993,1.173,"Asperge, congelée, non préparée","Asparagus, frozen, unprepared",24,3.23,4.1,0.23
asperges,1 tasse,medium,8,1994,1.09,"Asperge, congelée, bouillie, égouttée","Asparagus, frozen, boiled, drained",18,2.95,1.92,0.42
champignons,1 tasse cuits,review,1,2343,2.183,"Champignon, enoki, cru","Mushroom, enoki, raw",44,2.56,7.68,0.32
champignons,1 tasse cuits,review,2,2399,2.183,"Champignon, blanc, cru","Mushroom, white, raw",22,3.09,3.28,0.34
champignons,1 tasse cuits,review,3,4866,2.183,"Champignon, pleurote, cru","Mushroom, oyster, raw",33,3.31,6.09,0.41
champignons,1 tasse cuits,review,4,6219,2.183,"Champignon, Maitake, cru","Mushroom, Maitake, raw",37,1.94,6.81,0.19
champignons,1 tasse cuits,review,5,6904,2.183,"Champignon, shiitake, cru","Mushroom, shiitake, raw",34,2.24,6.79,0.49
champignons,1 tasse cuits,review,6,6928,2.183,"Champignon, Chanterelle, cru","Mushroom, Chanterelle, raw",32,1.49,6.86,0.53
champignons,1 tasse cuits,review,7,6929,2.183,"Champignon, morille, cru","Mushroom, morel, raw",31,3.12,5.1,0.57
champignons,1 tasse cuits,review,8,4973,2.1,"Champignon, portobella (portobello), cru","Mushroom, portabella (portobello), raw",22,2.11,3.87,0.35
céleri,2 branches,review,1,2386,2.35,"Céleri, cru","Celery, raw",14,0.69,2.97,0.17
céleri,2 branches,review,2,2049,2.183,"Céleri-rave, cru","Celeriac, raw",42,1.5,9.2,0.3
céleri,2 branches,review,3,2387,1.733,"Céleri, bouilli, égoutté","Celery, boiled, drained",18,0.83,4,0.16
céleri,2 branches,review,4,2050,1.65,"Céleri-rave, bouilli, égoutté","Celeriac, boiled, drained",27,0.96,5.9,0.19
céleri,2 branches,review,5,2481,1.6,"Céleri, bouilli, égoutté, sel ajouté","Celery, boiled, drained, with salt",18,0.83,4,0.16
céleri,2 branches,review,6,6402,1.567,"Céleri-rave, bouilli, égoutté, with salt","Celeriac, boiled, drained, with salt",27,0.96,5.9,0.19
céleri,2 branches,review,7,5624,1.453,"Flocons de céleri, déshydratés","Celery flakes, dried",319,11.3,63.7,2.1
haricots verts,1 tasse,review,1,3257,1.8,"Haricots verts, grains mûrs, secs","Beans, french, mature seeds, dry",343,18.81,64.11,2.02
haricots verts,1 tasse,review,2,3258,1.8,"Haricots verts, grains mûrs, bouillis","Beans, french, mature seeds, boiled",129,7.05,24.02,0.76
haricots verts,1 tasse,review,3,3344,1.686,"Haricots verts, grains mûrs, bouillis, sel ajouté","Beans, french, mature seeds, boiled, salt added",129,7.05,24.02,0.76
haricots verts,1 tasse,review,4,2279,0.783,"Pois carrés, verts, crus","Winged beans (goa bean), green, raw",49,6.95,4.31,0.87
haricots verts,1 tasse,review,5,2370,0.783,"Haricots italiens, jaunes ou verts, crus","Beans, snap (Italian, green or yellow), raw",31,1.83,6.97,0.22
haricots verts,1 tasse,review,6,2003,0.7,"Haricots, lima, crus","Beans, lima, raw",113,6.84,20.17,0.86
haricots verts,1 tasse,review,7,2255,0.7,"Tomate, verte, crue","Tomato, green, raw",23,1.2,5.1,0.2
haricots verts,1 tasse,review,8,2358,0.7,"Chou-fleur, vert, cru","Cauliflower, green, raw",31,2.95,6.09,0.3
betterave,1 tasse,medium,1,2021,2.183,"Betterave, feuilles, crues","Beet greens, raw",22,2.2,4.33,0.13
betterave,1 tasse,medium,2,2022,1.65,"Betterave, feuilles, bouillies, égouttées","Beet greens, boiled, drained",27,2.57,5.46,0.2
betterave,1 tasse,medium,3,6376,1.567,"Betterave, feuilles, bouillies, égouttées, sel ajouté","Beet greens, boiled, drained, with salt",27,2.57,5.46,0.2
betterave,1 tasse,medium,4,2500,0.25,"Betteraves, crues","Beets, raw",43,1.61,9.56,0.17
chou de bruxelles,1 tasse,high,1,2378,2.517,"Choux de Bruxelles, crus","Brussels sprouts, raw",43,3.38,8.95,0.3
chou de bruxelles,1 tasse,high,2,2379,1.9,"Choux de Bruxelles, bouillis, égouttés","Brussels sprouts, boiled, drained",36,2.55,7.1,0.5
chou de bruxelles,1 tasse,high,3,6387,1.733,"Choux de Bruxelles, bouillis, égouttés, sel ajouté","Brussels sprouts, boiled, drained, with salt",36,2.55,7.1,0.5
chou de bruxelles,1 tasse,high,4,2027,1.62,"Choux de Bruxelles, congelés, non préparés","Brussels sprouts, frozen, unprepared",41,3.78,7.86,0.41
chou de bruxelles,1 tasse,high,5,2028,1.52,"Choux de Bruxelles, congelés, bouillis, égouttés","Brussels sprouts, frozen, boiled, drained",42,3.64,8.32,0.39
chou de bruxelles,1 tasse,high,6,6388,1.406,"Choux de Bruxelles, congelés, bouillis, égouttés, sel ajouté","Brussels sprouts, frozen, boiled, drained, with salt",42,3.64,8.32,0.39
chou de bruxelles,1 tasse,high,7,2036,0.783,"Chou de Milan (Savoie), cru","Cabbage, savoy, raw",27,2,6.1,0.1
chou de bruxelles,1 tasse,high,8,2040,0.736,"Chou de Chine (pe-tsai), cru","Cabbage, Chinese (pe-tsai), raw",16,1.2,3.23,0.2
chou rouge,1 tasse,high,1,2034,2.517,"Chou rouge, cru","Cabbage, red, raw",31,1.43,7.37,0.16
chou rouge,1 tasse,high,2,2035,1.9,"Chou rouge, bouilli, égoutté","Cabbage, red, boiled, drained",29,1.51,6.94,0.09
chou rouge,1 tasse,high,3,6391,1.733,"Chou rouge, bouilli, égoutté, sel ajouté","Cabbage, red, boiled, drained, with salt",29,1.51,6.94,0.09
chou rouge,1 tasse,high,4,2361,0.783,"Chou, cru","Cabbage, raw",25,1.28,5.8,0.1
chou rouge,1 tasse,high,5,2036,0.7,"Chou de Milan (Savoie), cru","Cabbage, savoy, raw",27,2,6.1,0.1
chou rouge,1 tasse,high,6,2109,0.7,"Chou-rave, cru","Kohlrabi, raw",27,1.7,6.2,0.1
chou rouge,1 tasse,high,7,2385,0.7,"Chou-fleur, cru","Cauliflower, raw",25,1.92,4.97,0.28
chou rouge,1 tasse,high,8,2484,0.7,"Poivron rouge, cru","Pepper, sweet, red, raw",26,0.99,6.03,0.3
chou,1 tasse,review,1,2361,2.35,"Chou, cru","Cabbage, raw",25,1.28,5.8,0.1
chou,1 tasse,review,2,2034,2.183,"Chou rouge, cru","Cabbage, red, raw",31,1.43,7.37,0.16
chou,1 tasse,review,3,2036,2.183,"Chou de Milan (Savoie), cru","Cabbage, savoy, raw",27,2,6.1,0.1
chou,1 tasse,review,4,2109,2.183,"Chou-rave, cru","Kohlrabi, raw",27,1.7,6.2,0.1
chou,1 tasse,review,5,2385,2.183,"Chou-fleur, cru","Cauliflower, raw",25,1.92,4.97,0.28
chou,1 tasse,review,6,6304,2.183,"Chou, napa, cru","Cabbage, napa, raw",14,1.2,3,0.1
chou,1 tasse,review,7,2063,2.1,"Chou cavalier (collards), cru","Collards, raw",32,3.02,5.42,0.61
chou,1 tasse,review,8,2358,2.1,"Chou-fleur, vert, cru","Cauliflower, green, raw",31,2.95,6.09,0.3
bok choy,1 tasse cuit,medium,1,2038,2.25,"Bok choy, pak-choi, cru","Bok choy, pak-choi, raw",13,1.5,2.18,0.2
bok choy,1 tasse cuit,medium,2,2039,1.733,"Bok choy, pak-choi, bouilli, égoutté","Bok choy, pak-choi, boiled drained",11,1.56,1.78,0.16
bok choy,1 tasse cuit,medium,3,22,0.45,Fromage carvi,"Cheese, caraway",376,25.18,3.06,29.2
bok choy,1 tasse cuit,medium,4,88,0.45,"Oeuf, canard, entier, frais, cru","Egg, duck, whole, fresh, raw",186,12.81,1.45,13.77
bok choy,1 tasse cuit,medium,5,89,0.45,"Oeuf, oie, entier, frais, cru","Egg, goose, whole, fresh, raw",185,13.87,1.35,13.27
bok choy,1 tasse cuit,medium,6,90,0.45,"Oeuf, caille, entier, frais, cru","Egg, quail, whole, fresh, raw",159,13.05,0.41,11.09
bok choy,1 tasse cuit,medium,7,91,0.45,"Oeuf, dinde, entier, frais, cru","Egg, turkey, whole, fresh, raw",171,13.68,1.15,11.88
bok choy,1 tasse cuit,medium,8,173,0.45,"Épices, carvi, graines","Spices, caraway seed",333,19.77,49.9,14.59
pois mange-tout,1 tasse,high,1,2408,2.6,"Pois mange-tout, crus","Peas, edible-podded (snow peas), raw",42,2.8,7.55,0.2
pois mange-tout,1 tasse,high,2,2146,2,"Pois mange-tout, bouillis, égouttés","Peas, edible-podded (snow peas), boiled, drained",42,3.27,7.05,0.23
pois mange-tout,1 tasse,high,3,6477,1.829,"Pois mange-tout, bouillis, égouttés, sel ajouté","Peas, edible-podded (snow peas), boiled, drained, with salt",40,3.27,6.46,0.23
pois mange-tout,1 tasse,high,4,2147,1.62,"Pois mange-tout, congelés, non préparés","Peas, edible-podded (snow peas), frozen, unprepared",42,2.8,7.2,0.3
pois mange-tout,1 tasse,high,5,2148,1.62,"Pois mange-tout, congelés, bouillis, égouttés","Peas, edible-podded (snow peas), frozen, boiled, drained",52,3.5,9.02,0.38
pois mange-tout,1 tasse,high,6,6478,1.495,"Pois mange-tout, congelés, bouillis, égouttés, sel ajouté","Peas, edible-podded (snow peas), frozen, boiled, drained, with salt",50,3.5,8.43,0.38
pois mange-tout,1 tasse,high,7,2162,0.7,"Pois, cajan, crus","Peas, pigeon, raw",136,7.2,23.88,1.64
pois mange-tout,1 tasse,high,8,2409,0.7,"Pois, petits (verts), crus","Peas, green, raw",81,5.42,14.45,0.4
petits pois,1 tasse,review,1,2409,1.117,"Pois, petits (verts), crus","Peas, green, raw",81,5.42,14.45,0.4
petits pois,1 tasse,review,2,2279,0.95,"Pois carrés, verts, crus","Winged beans (goa bean), green, raw",49,6.95,4.31,0.87
petits pois,1 tasse,review,3,2152,0.7,"Pois, germés, crus","Peas, mature seeds, sprouted, raw",124,8.8,27.11,0.68
petits pois,1 tasse,review,4,2162,0.7,"Pois, cajan, crus","Peas, pigeon, raw",136,7.2,23.88,1.64
petits pois,1 tasse,review,5,2255,0.7,"Tomate, verte, crue","Tomato, green, raw",23,1.2,5.1,0.2
petits pois,1 tasse,review,6,2358,0.7,"Chou-fleur, vert, cru","Cauliflower, green, raw",31,2.95,6.09,0.3
petits pois,1 tasse,review,7,7824,0.7,"Plantain, (banane des antilles), vert, cru","Plantain, green, raw",152,1.25,36.66,0.07
petits pois,1 tasse,review,8,984,0.683,"Soupe, pois verts ou cassés, déshydratée","Soup, pea, green or split, dehydrated",356,20.49,60.68,4.23
maïs,1 tasse,review,1,6,1.9,"Maïs, beignet",Corn fritter,374,8.55,38.623,21.238
maïs,1 tasse,review,2,2388,1.82,"Maïs sucré, jaune, cru","Corn, sweet, yellow, raw",86,3.27,18.7,1.35
maïs,1 tasse,review,3,6408,1.82,"Maïs, sucré, blanc, cru","Corn, sweet, white, raw",86,3.22,19.02,1.18
maïs,1 tasse,review,4,2313,1.733,"Maïs, pouding, fait maison","Corn pudding , homemade",131,4.42,16.97,5.04
maïs,1 tasse,review,5,6263,1.453,"Maïs, séché, jaune","Corn, dried, yellow",419,14.48,66.27,10.64
maïs,1 tasse,review,6,2068,1.231,"Maïs sucré, jaune, avec ou sans épi, bouilli, égoutté","Corn, sweet, yellow, on or off the cob, boiled, drained",96,3.41,20.98,1.5
maïs,1 tasse,review,7,6407,1.231,"Maïs, sucré, blanc, avec ou sans épi, bouilli, égoutté","Corn, sweet, white, on or off the cob, boiled, drained",98,3.34,21.71,1.41
maïs,1 tasse,review,8,7091,1.231,"Saucisse avec enrobage de farine de maïs (saucisse sur bâtonnet), congelé, préparé","Corn dog, wiener/sausage with cornflour coating, frozen, prepared",250,8.57,26.96,12.02
oignon,1 moyen,review,1,2401,2.35,"Oignon, cru","Onion, raw",40,1.1,9.34,0.1
oignon,1 moyen,review,2,2145,2.183,"Oignon vert (ciboule), cru","Onion, Welsh, raw",34,1.9,6.5,0.4
oignon,1 moyen,review,3,5414,2.183,"Oignon, doux, cru","Onion, sweet, raw",32,0.8,7.55,0.08
oignon,1 moyen,review,4,2144,1.975,"Oignon, vert (inclus le bout et le bulbe), cru","Onion, spring (green) or scallion (includes tops and bulb), raw",32,1.83,7.34,0.19
oignon,1 moyen,review,5,2138,1.733,"Oignon, flocons déshydratés","Onion, dehydrated flakes",349,8.95,83.28,0.46
oignon,1 moyen,review,6,2402,1.733,"Oignon, bouilli, égoutté","Onion, boiled, drained",44,1.36,10.15,0.19
oignon,1 moyen,review,7,5960,1.733,"Oignon, jaune, sauté","Onion, yellow, sauteed",123,0.95,7.86,10.8
oignon,1 moyen,review,8,2483,1.6,"Oignon, bouilli, égoutté, sel ajouté","Onion, boiled, drained, with salt",42,1.36,9.56,0.19
ail,3 gousses,medium,1,2394,2.35,"Ail, cru","Garlic, raw",149,6.36,33.06,0.5
ail,3 gousses,medium,2,7336,0.45,"Saucisse, miel et ail, porc, crue","Sausage, honey garlic, pork, raw",260,17.73,2.19,19.52
ail,3 gousses,medium,3,7087,0.3,Pain à l'ail,"Bread, garlic",350,8.36,41.72,16.61
ail,3 gousses,medium,4,90,0.25,"Oeuf, caille, entier, frais, cru","Egg, quail, whole, fresh, raw",159,13.05,0.41,11.09
ail,3 gousses,medium,5,626,0.25,"Poulet à griller, aile, viande et peau, cru","Chicken, broiler, wing, meat and skin, raw",191,17.52,0,12.85
ail,3 gousses,medium,6,631,0.25,"Poulet à griller, aile, viande, cru","Chicken, broiler, wing, meat, raw",126,21.97,0,3.54
ail,3 gousses,medium,7,680,0.25,"Caille, viande et peau, crue","Quail, meat and skin, raw",192,19.63,0,12.05
ail,3 gousses,medium,8,681,0.25,"Caille, viande seulement, crue","Quail, meat only, raw",134,21.76,0,4.53
poireau,1 tasse,review,1,2396,0.25,"Poireaux (bulbe et portion inférieure), crus","Leeks (bulb and lower-leaf portion), raw",61,1.5,14.15,0.3
radis,1 tasse,medium,1,2443,2.35,"Radis, cru","Radish, raw",16,0.68,3.4,0.1
radis,1 tasse,medium,2,2196,2.1,"Radis, orientaux (daikon), crus","Radish, oriental (daikon), raw",18,0.6,4.1,0.1
radis,1 tasse,medium,3,2301,2.1,"Radis, white icicle, cru","Radish, white icicle, raw",14,1.1,2.63,0.1
radis,1 tasse,medium,4,2325,2.05,"Radis, graines, germées, avec graines, crues","Radish seeds, sprouted, with seed, raw",43,3.81,3.6,2.53
radis,1 tasse,medium,5,5547,1.65,"Radis, à l'hawaïenne, mariné","Radish, hawaiian style, pickled",28,1.1,5.2,0.3
radis,1 tasse,medium,6,2197,1.6,"Radis, oriental (daikon), bouilli, égoutté","Radish, oriental (daikon), boiled, drained",17,0.67,3.43,0.24
radis,1 tasse,medium,7,6529,1.543,"Radis, oriental (daikon), bouilli, égoutté, sel ajouté","Radish, oriental (daikon), boiled, drained, with salt",17,0.67,3.43,0.24
radis,1 tasse,medium,8,2198,1.09,"Radis, orientaux (daikon), séchés","Radish, oriental (daikon), dried",271,7.9,63.37,0.72
navet,1 tasse,review,1,2470,2.35,"Navet, cru","Turnip, raw",28,0.9,6.43,0.1
navet,1 tasse,review,2,2263,2.183,"Navet, feuilles, crues","Turnip greens, raw",32,1.5,7.13,0.3
navet,1 tasse,review,3,6934,2.1,"Navet des Prairies, autochtone, cru","Turnip, Prairie, Indigenous, raw",156,2.62,35.67,0.36
navet,1 tasse,review,4,2262,1.733,"Navet, bouilli, égoutté","Turnip, boiled, drained",22,0.71,5.06,0.08
navet,1 tasse,review,5,2264,1.65,"Navet, feuilles, bouillies, égouttées","Turnip greens, boiled, drained",20,1.14,4.36,0.23
navet,1 tasse,review,6,6935,1.65,"Navet des Prairies, autochtone, bouilli","Turnip, Prairie, Indigenous, boiled",129,1.64,29.99,0.32
navet,1 tasse,review,7,6584,1.6,"Navet, bouilli, égoutté, sel ajouté","Turnip, boiled, drained, with salt",22,0.71,5.06,0.08
navet,1 tasse,review,8,6582,1.567,"Navet, feuilles, bouillies, égouttées, sel ajouté","Turnip greens, boiled, drained, with salt",20,1.14,4.36,0.23
rutabaga,1 tasse,medium,1,2444,2.183,"Rutabaga (chou-navet), cru","Rutabaga (swede), raw",37,1.08,8.62,0.16
rutabaga,1 tasse,medium,2,2445,1.65,"Rutabaga (chou-navet), bouilli, égoutté","Rutabaga (swede), boiled, drained",30,0.93,6.84,0.18
rutabaga,1 tasse,medium,3,6531,1.567,"Rutabaga (chou-navet), bouilli, égoutté, sel ajouté","Rutabaga (swede), boiled, drained, with salt",30,0.93,6.84,0.18
citrouille,1 tasse,review,1,2441,2.35,"Citrouille, crue","Pumpkin, raw",26,1,6.5,0.1
citrouille,1 tasse,review,2,2188,2.183,"Citrouille, fleurs, crues","Pumpkin flowers, raw",15,1.03,3.28,0.07
citrouille,1 tasse,review,3,2190,2.183,"Citrouille, feuilles, crues","Pumpkin leaves, raw",19,3.15,2.33,0.4
citrouille,1 tasse,review,4,2442,1.733,"Citrouille, bouillie, égouttée","Pumpkin, boiled, drained",20,0.72,4.9,0.07
citrouille,1 tasse,review,5,2189,1.65,"Citrouille, fleurs, bouillies, égouttées","Pumpkin flowers, boiled, drained",15,1.09,3.3,0.08
citrouille,1 tasse,review,6,2191,1.65,"Citrouille, feuilles, bouillies, égouttées","Pumpkin leaves, boiled, drained",21,2.72,3.39,0.22
citrouille,1 tasse,review,7,2192,1.62,"Citrouille, conserve","Pumpkin, canned",34,1.1,8.09,0.28
citrouille,1 tasse,review,8,6526,1.6,"Citrouille, bouillie, égouttée, sel ajouté","Pumpkin, boiled, drained, with salt",18,0.72,4.31,0.07
courge butternut,1 tasse,review,1,2451,0.95,"Courge d'hiver, courge musquée, crue","Squash, winter, butternut, raw",42,1.05,10.53,0.14
courge butternut,1 tasse,review,2,6324,0.683,"Soupe, courge musquée, prête-à-servir","Soup, butternut squash, ready-to-serve",35,0.7,6.32,0.73
courge butternut,1 tasse,review,3,2094,0.65,"Courge torchon (towelgourd), crue","Gourd, dishcloth (towelgourd), raw",20,1.2,4.35,0.2
courge butternut,1 tasse,review,4,2218,0.65,"Courge d'été, musquée, crue","Squash, summer, crookneck, raw",19,1.01,3.88,0.27
courge butternut,1 tasse,review,5,2223,0.65,"Courge d'été, pâtisson, cru","Squash, summer, scallop, raw",18,1.2,3.84,0.2
courge butternut,1 tasse,review,6,2225,0.65,"Courge d'été, courgette (zucchini), crue","Squash, summer, zucchini, raw",17,1.21,3.11,0.32
courge butternut,1 tasse,review,7,2448,0.65,"Courge d'hiver, courge poivrée (courgeon), crue","Squash, winter, acorn, raw",40,0.8,10.42,0.1
courge butternut,1 tasse,review,8,2455,0.65,"Courge d'hiver, hubbard, crue","Squash, winter, hubbard, raw",40,2,8.7,0.5
courge spaghetti,1 tasse,review,1,2458,0.95,"Courge d'hiver, spaghetti, crue","Squash, winter, spaghetti, raw",31,0.64,6.91,0.57
courge spaghetti,1 tasse,review,2,2094,0.65,"Courge torchon (towelgourd), crue","Gourd, dishcloth (towelgourd), raw",20,1.2,4.35,0.2
courge spaghetti,1 tasse,review,3,2218,0.65,"Courge d'été, musquée, crue","Squash, summer, crookneck, raw",19,1.01,3.88,0.27
courge spaghetti,1 tasse,review,4,2223,0.65,"Courge d'été, pâtisson, cru","Squash, summer, scallop, raw",18,1.2,3.84,0.2
courge spaghetti,1 tasse,review,5,2225,0.65,"Courge d'été, courgette (zucchini), crue","Squash, summer, zucchini, raw",17,1.21,3.11,0.32
courge spaghetti,1 tasse,review,6,2448,0.65,"Courge d'hiver, courge poivrée (courgeon), crue","Squash, winter, acorn, raw",40,0.8,10.42,0.1
courge spaghetti,1 tasse,review,7,2451,0.65,"Courge d'hiver, courge musquée, crue","Squash, winter, butternut, raw",42,1.05,10.53,0.14
courge spaghetti,1 tasse,review,8,2455,0.65,"Courge d'hiver, hubbard, crue","Squash, winter, hubbard, raw",40,2,8.7,0.5
artichaut,1 moyen,medium,1,2364,2.35,"Artichaut, cru","Artichoke (Globe, French), raw",47,3.27,10.51,0.15
artichaut,1 moyen,medium,2,6298,1.9,"Artichaut, mariné","Artichoke, marinated",119,3.192,10.254,8.429
artichaut,1 moyen,medium,3,2365,1.733,"Artichaut, bouilli, égoutté","Artichoke (Globe, French), boiled, drained",53,2.89,11.95,0.34
artichaut,1 moyen,medium,4,6618,1.62,"Artichaut, conserve","Artichoke, canned",50,3.464,11.129,0.159
artichaut,1 moyen,medium,5,2327,1.6,"Artichaut, bouilli, égoutté, sel ajouté","Artichoke (Globe, French), boiled, drained, with salt",51,2.89,11.39,0.34
artichaut,1 moyen,medium,6,1988,1.37,"Artichaut, congelé, non préparé","Artichoke (Globe, French), frozen, unprepared",38,2.63,7.75,0.43
artichaut,1 moyen,medium,7,1989,1.37,"Artichaut, congelé, bouilli, égoutté","Artichoke (Globe, French), frozen, boiled, drained",45,3.11,9.18,0.5
artichaut,1 moyen,medium,8,6358,1.287,"Artichaut, congelé, bouilli, égoutté, sel ajouté","Artichoke (Globe, French), frozen, boiled, drained, with salt",45,3.11,9.18,0.5
okra,1 tasse,medium,1,2134,2.183,"Okra (gombo), cru","Okra (gumbo), raw",33,1.93,7.45,0.19
okra,1 tasse,medium,2,2135,1.65,"Okra (gombo), bouilli, égoutté","Okra (gumbo), boiled, drained",22,1.87,4.51,0.21
okra,1 tasse,medium,3,6466,1.567,"Okra (gombo), bouilli, égoutté, sel ajouté","Okra (gumbo), boiled, drained, with salt",22,1.87,4.51,0.21
okra,1 tasse,medium,4,2136,1.37,"Okra (gombo), congelé, non préparé","Okra (gumbo), frozen, unprepared",30,1.69,6.63,0.25
okra,1 tasse,medium,5,2137,1.32,"Okra (gombo), congelé, bouilli, égoutté","Okra (gumbo), frozen, boiled, drained",29,1.63,6.41,0.24
okra,1 tasse,medium,6,6467,1.263,"Okra (gombo), congelé, bouilli, égoutté, sel ajouté","Okra (gumbo), frozen, boiled, drained, with salt",29,1.63,6.41,0.24
avocat,1 moyen,review,1,1512,2.183,"Avocat, cru, californie","Avocado, raw, california",167,1.96,8.64,15.41
avocat,1 moyen,review,2,1513,2.183,"Avocat, cru, Floride","Avocado, raw, florida",120,2.23,7.82,10.06
avocat,1 moyen,review,3,1511,2.05,"Avocat, cru, toutes variétés commerciales","Avocado, raw, all commercial varieties",160,2,8.53,14.66
salade grecque,1 portion,medium,1,6738,1.9,"Salade grecque, faite maison","Salad, Greek, homemade",126,3.334,3.934,11.352
salade grecque,1 portion,medium,2,22,0.45,Fromage carvi,"Cheese, caraway",376,25.18,3.06,29.2
salade grecque,1 portion,medium,3,88,0.45,"Oeuf, canard, entier, frais, cru","Egg, duck, whole, fresh, raw",186,12.81,1.45,13.77
salade grecque,1 portion,medium,4,89,0.45,"Oeuf, oie, entier, frais, cru","Egg, goose, whole, fresh, raw",185,13.87,1.35,13.27
salade grecque,1 portion,medium,5,90,0.45,"Oeuf, caille, entier, frais, cru","Egg, quail, whole, fresh, raw",159,13.05,0.41,11.09
salade grecque,1 portion,medium,6,91,0.45,"Oeuf, dinde, entier, frais, cru","Egg, turkey, whole, fresh, raw",171,13.68,1.15,11.88
salade grecque,1 portion,medium,7,173,0.45,"Épices, carvi, graines","Spices, caraway seed",333,19.77,49.9,14.59
salade grecque,1 portion,medium,8,212,0.45,"Épices, basilic, frais","Spices, basil, fresh",22,3.15,2.65,0.64
salade césar,1 portion,review,1,6741,1.9,"Salade César, faite maison","Salad, Caesar, homemade",157,4.669,6.107,13.165
salade césar,1 portion,review,2,6739,1.733,"Salade César avec poulet, faite maison","Salad, Caesar with chicken, homemade",151,12.513,3.69,9.618
salade césar,1 portion,review,3,5515,0.5,"Vinaigrette, César, régulière","Salad dressing, Caesar dressing, regular",542,2.17,3.3,57.85
salade césar,1 portion,review,4,22,0.45,Fromage carvi,"Cheese, caraway",376,25.18,3.06,29.2
salade césar,1 portion,review,5,88,0.45,"Oeuf, canard, entier, frais, cru","Egg, duck, whole, fresh, raw",186,12.81,1.45,13.77
salade césar,1 portion,review,6,89,0.45,"Oeuf, oie, entier, frais, cru","Egg, goose, whole, fresh, raw",185,13.87,1.35,13.27
salade césar,1 portion,review,7,90,0.45,"Oeuf, caille, entier, frais, cru","Egg, quail, whole, fresh, raw",159,13.05,0.41,11.09
salade césar,1 portion,review,8,91,0.45,"Oeuf, dinde, entier, frais, cru","Egg, turkey, whole, fresh, raw",171,13.68,1.15,11.88
salade verte,1 bol,review,1,2255,0.7,"Tomate, verte, crue","Tomato, green, raw",23,1.2,5.1,0.2
salade verte,1 bol,review,2,2358,0.7,"Chou-fleur, vert, cru","Cauliflower, green, raw",31,2.95,6.09,0.3
salade verte,1 bol,review,3,2409,0.7,"Pois, petits (verts), crus","Peas, green, raw",81,5.42,14.45,0.4
salade verte,1 bol,review,4,7824,0.7,"Plantain, (banane des antilles), vert, cru","Plantain, green, raw",152,1.25,36.66,0.07
salade verte,1 bol,review,5,2208,0.65,"Fèves, soya frais (edamame), crues","Soybeans, green (edamame), raw",147,12.95,11.05,6.8
salade verte,1 bol,review,6,2413,0.65,"Poivron vert, cru","Pepper, sweet, green, raw",20,0.86,4.64,0.17
salade verte,1 bol,review,7,4725,0.65,"Épices, menthe verte, fraîche","Spices, spearmint, fresh",44,3.29,8.41,0.73
salade verte,1 bol,review,8,7213,0.65,"Poire, anjou verte, crue","Pear, green anjou, raw",66,0.44,15.79,0.1
pain blanc,1 tranche,review,1,4066,2.067,"Pain, blanc, commercial","Bread, white, commercial",261,9.14,49.21,2.66
pain blanc,1 tranche,review,2,3732,1.9,"Pain, blanc, commercial, grillé","Bread, white, commercial, toasted",288,10.08,54.28,2.93
pain blanc,1 tranche,review,3,3714,1.8,"Pain blanc aux raisins, commercial","Bread, white with raisins, commercial",295,7.52,56.14,4.06
pain blanc,1 tranche,review,4,3715,1.733,"Pain blanc aux raisins, commercial, grillé","Bread, white with raisins, commercial, toasted",320,8.15,60.84,4.4
pain blanc,1 tranche,review,5,4036,1.733,"Pain, blanc, commercial, réduit en sodium","Bread, white, commercial, reduced sodium",261,9.14,49.21,2.66
pain blanc,1 tranche,review,6,7194,1.733,"Pain, blanc, commercial, avec fibres ajoutées","Bread, white, commercial, with added fibre",259,9.05,48.83,2.64
pain blanc,1 tranche,review,7,4044,1.686,"Pain, blanc, commercial, grillé, réduit en sodium","Bread, white, commercial, toasted, reduced sodium",288,10.08,54.28,2.93
pain blanc,1 tranche,review,8,7299,1.686,"Pain, blanc, commercial, avec fibres ajoutées, grillé","Bread, white, commercial, with added fibre, toasted",286,9.99,53.92,2.92
pain brun,1 tranche,review,1,4067,2.15,"Pain, blé entier, commercial","Bread, whole wheat, commercial",257,10.7,45.64,3.03
pain brun,1 tranche,review,2,4068,2,"Pain, blé entier, commercial, grillé","Bread, whole wheat, commercial, toasted",285,11.843,50.513,3.3547
pain brun,1 tranche,review,3,3737,1.775,"Pain, blé entier, fait maison (2/3 de blé entier)","Bread, whole wheat, homemade (2/3 whole wheat flour)",278,8.4,51.4,5.4
pain brun,1 tranche,review,4,3738,1.7,"Pain, blé entier, fait maison (2/3 farine de blé entier), grillé","Bread, whole wheat, homemade (2/3 whole wheat flour), toasted",305,9.2,56.4,5.9
pain brun,1 tranche,review,5,3983,1.1,"Pain, petit pain, blé entier","Roll, dinner, whole wheat",266,8.7,51.1,4.7
pain brun,1 tranche,review,6,3709,0.75,"Pain, pita, blé entier","Bread, pita, whole wheat",265.047744144,11.343911194,55.187174696,1.726
pain brun,1 tranche,review,7,1522,0.65,"Fruit à pain, cru","Breadfruit, raw",103,1.07,27.12,0.23
pain brun,1 tranche,review,8,2507,0.617,"Graines, fruits à pain, graines, crues","Seeds, breadfruit seeds, raw",191,7.4,29.24,5.59
pain multigrain,1 tranche,review,1,3702,0.667,"Pain, multigrains (aussi blé entier, sept grains)","Bread, multigrain, commercial",267,11.01,46.88,3.49
pain multigrain,1 tranche,review,2,1522,0.65,"Fruit à pain, cru","Breadfruit, raw",103,1.07,27.12,0.23
pain multigrain,1 tranche,review,3,2507,0.617,"Graines, fruits à pain, graines, crues","Seeds, breadfruit seeds, raw",191,7.4,29.24,5.59
pain multigrain,1 tranche,review,4,2509,0.593,"Graines, noix-pain (brosimum dicastrum), graines, crues","Seeds, breadnuttree seeds, raw",217,5.97,46.28,0.99
pain multigrain,1 tranche,review,5,3996,0.561,"Tartelette grille-pain, fruits (pommes, bleuets, cerises, fraises)","Toaster pastry, fruit (apple, blueberry, cherry, strawberry)",388,4.2,70.32,9.95
pain multigrain,1 tranche,review,6,3703,0.55,"Pain, multigrains, commercial, grillé","Bread, multigrain, commercial, toasted",294,12.13,51.64,3.84
pain multigrain,1 tranche,review,7,6221,0.55,"Tartelette grille-pain, fruits, glacée (pommes, bleuets, cerises, fraises)","Toaster pastry, fruit, frosted (apple, blueberry, cherry, strawberry)",385,4.01,71.83,9.02
pain multigrain,1 tranche,review,8,6222,0.55,"Tartelette grille-pain, fruits, grillée (pommes, bleuets, cerises, fraises)","Toaster pastry, fruit, toasted (apple, blueberry, cherry, strawberry)",409,4.7,72.7,11.03
pain pita,1 pita,review,1,3708,2.067,"Pain, pita, blanc","Bread, pita, white",301.015991808,10.498217587,59.703688161,1.695
pain pita,1 pita,review,2,3709,1.9,"Pain, pita, blé entier","Bread, pita, whole wheat",265.047744144,11.343911194,55.187174696,1.726
pain pita,1 pita,review,3,7915,1.8,"Pain, pita, blanc, style Grec","Bread, pita, white, Greek style",263.578453302,9.168651613,51.386711712,2.373
pain pita,1 pita,review,4,7916,1.733,"Pain, pita, blé entier, style Grec","Bread, pita, whole wheat, Greek style",284.930980152,9.972704287,51.832540751,4.19
pain pita,1 pita,review,5,7918,1.65,"Pain, pita, fruit (raisins), avec multigrains et multigraines","Bread, pita, fruit (raisins), with multigrains and multiseeds",292.737499028,8.503047604,56.129077153,3.801
pain pita,1 pita,review,6,7917,1.567,"Pain, pita, fruit (inclus pomme cannelle et orange canneberge), avec grains entiers","Bread, pita, fruit (includes apple cinnamon and cranberry orange), with whole grains",274.96723953,7.986759932,57.11229995,1.619
pain pita,1 pita,review,7,1522,0.65,"Fruit à pain, cru","Breadfruit, raw",103,1.07,27.12,0.23
pain pita,1 pita,review,8,2507,0.617,"Graines, fruits à pain, graines, crues","Seeds, breadfruit seeds, raw",191,7.4,29.24,5.59
bagel,1 moyen,review,1,3673,1.9,"Bagel, oeufs","Bagel, egg",278,10.6,53,2.1
bagel,1 moyen,review,2,7669,1.9,"Bagel, multigrain","Bagel, multigrain",241,9.9,47.47,1.24
bagel,1 moyen,review,3,3675,1.733,"Bagel, cannelle-raisins secs","Bagel, cinnamon-raisin",274,9.8,55.2,1.7
bagel,1 moyen,review,4,3677,1.733,"Bagel, son d'avoine","Bagel, oat bran",255,10.7,53.3,1.2
bagel,1 moyen,review,5,7067,1.733,"Bagel, blé entier","Bagel, whole wheat",250,10.2,48.89,1.53
bagel,1 moyen,review,6,3676,1.65,"Bagel, cannelle-raisins secs, grillé","Bagel, cinnamon-raisin, toasted",294,10.6,59.3,1.8
bagel,1 moyen,review,7,3671,1.511,"Bagel, nature (avec oignon, graines de pavot et/ou graines de sesame)","Bagel, plain (with onion, poppy seed and/or sesame seed)",264,10.56,52.38,1.32
bagel,1 moyen,review,8,3672,1.5,"Bagel, nature (avec oignon, graines de pavot et/ou graines de sesame, grillé","Bagel, plain (with onion, poppy seed and/or sesame seed), toasted",287,11.14,57.39,1.43
muffin anglais,1,review,1,3906,2.067,"Muffin anglais, blé","English muffin, wheat",223,8.7,44.8,2
muffin anglais,1,review,2,3904,1.9,"Muffin anglais, raisins secs-cannelle","English muffin, raisin-cinnamon",232.091,8.031132637,46.704367363,1.461
muffin anglais,1,review,3,3907,1.9,"Muffin anglais, blé, grillé","English muffin, wheat, toasted",243,9.4,48.7,2.1
muffin anglais,1,review,4,3900,1.8,"Muffin anglais, nature (aussi levain)","English muffin, plain (also sourdough)",235.153536542,9.410310206,44.91857393,1.982
muffin anglais,1,review,5,3902,1.8,"Muffin anglais, multigrains (aussi granola)","English muffin, multigrain (also granola)",235,9.1,46.3,1.8
muffin anglais,1,review,6,3908,1.8,"Muffin anglais, grains entiers (blé entier)","English muffin, whole grain (whole wheat)",231.3298,11.080386256,41.1923,2.471
muffin anglais,1,review,7,3909,1.8,"Muffin anglais, blé entier, grillé","English muffin, whole wheat, toasted",221,9.6,44.1,2.3
muffin anglais,1,review,8,3901,1.733,"Muffin anglais, nature (aussi levain), grillé","English muffin, plain (also sourdough), toasted",270,10.32,52.65,2.02
croissant,1 moyen,review,1,3882,1.733,"Croissant, beurre, commercial","Croissant, butter, commercial",406,8.2,45.8,21
croissant,1 moyen,review,2,3883,1.733,"Croissant, pommes, commercial","Croissant, apple, commercial",254,7.4,37.1,8.7
croissant,1 moyen,review,3,3884,1.733,"Croissant, fromage, commercial","Croissant, cheese, commercial",414,9.2,47,20.9
tortilla,1 grande,review,1,3997,1.543,"Tortilla, prêt-à-cuire /frire, maïs, salé","Tortilla, ready-to-bake / fry, corn, salted",218,7.108854655,52.765145345,2.116
tortilla,1 grande,review,2,4048,1.543,"Tortilla, prêt-à-cuire /frire, maïs, sans sel","Tortilla, ready-to-bake / fry, corn, unsalted",222,4.566433769,45.031476421,2.202
tortilla,1 grande,review,3,4049,1.543,"Tortilla, prêt-à-cuire /frire, farine, nature","Tortilla, ready-to-bake / fry, flour, plain",325,8.014189846,52.381839449,6.99
tortilla,1 grande,review,4,7919,1.543,"Tortilla, prêt-à-cuire /frire, farine, fromage","Tortilla, ready-to-bake / fry, flour, cheese",303.025,8.410155987,51.566844013,7.013
tortilla,1 grande,review,5,7258,1.525,"Tortilla, prêt-à-cuire /frire, grains entiers (blé entier)","Tortilla, ready-to-bake / fry, whole grain (whole wheat)",310,9.641610601,50.511813119,6.653
tortilla,1 grande,review,6,7921,1.525,"Tortilla, prêt-à-cuire /frire, farine,et maïs","Tortilla, ready-to-bake / fry, flour and corn",276.115,9.334783346,45.404216654,6.351
tortilla,1 grande,review,7,7925,1.5,"Tortilla, prêt-à-cuire /frire, farine, nature, avec fibres ajoutées","Tortilla, ready-to-bake / fry, flour, plain, with added fibre",281.599104639,12.094921169,51.91710499,2.839
tortilla,1 grande,review,8,7920,1.491,"Tortilla, prêt-à-cuire /frire, farine, saveur de fromage, avec fibres ajoutées","Tortilla, ready-to-bake / fry, flour, cheese flavoured, with added fibre",307.235,8.350283312,51.540716688,7.519
riz blanc,1 tasse cuite,medium,1,7701,1.686,"Riz, blanc et sausage, arômatisé, non préparé","Rice, white and wild, flavoured, unprepared",142,3.49,26.28,2.57
riz blanc,1 tasse cuite,medium,2,4429,0.75,"Grains céréaliers, riz blanc, farine","Grains, rice flour, white",366,5.95,80.13,1.42
riz blanc,1 tasse cuite,medium,3,2399,0.7,"Champignon, blanc, cru","Mushroom, white, raw",22,3.09,3.28,0.34
riz blanc,1 tasse cuite,medium,4,4424,0.683,"Grains céréaliers, riz blanc, glutineux, sec","Grains, rice, white, glutinous, dry",370,6.81,81.68,0.55
riz blanc,1 tasse cuite,medium,5,4425,0.683,"Grains céréaliers, riz blanc, glutineux, cuit","Grains, rice, white, glutinous, cooked",97,2.02,21.09,0.19
riz blanc,1 tasse cuite,medium,6,6192,0.683,"Grains céréaliers, riz blanc, glutineux, farine","Grains, rice, white, glutinous, flour",364,6.7,80.31,0.54
riz blanc,1 tasse cuite,medium,7,1565,0.65,"Pamplemousse, blanc, californie, cru","Grapefruit, white, california, raw",37,0.88,9.09,0.1
riz blanc,1 tasse cuite,medium,8,1566,0.65,"Pamplemousse, blanc, floride, cru","Grapefruit, white, florida, raw",32,0.63,8.19,0.1
riz brun,1 tasse cuite,review,1,7246,0.85,"Grignotises, croustilles de riz brun","Snacks, brown rice chips",384,8.2,81.5,2.8
riz brun,1 tasse cuite,review,2,4124,0.75,"Grignotises, galettes de riz brun, nature","Snacks, rice cakes, brown rice, plain",387,8.2,81.5,2.8
riz brun,1 tasse cuite,review,3,4125,0.75,"Grignotises, galettes de riz brun, sarrasin","Snacks, rice cakes, brown rice, buckwheat",380,9,80.1,3.5
riz brun,1 tasse cuite,review,4,4362,0.75,"Grignotises, galettes de riz brun, maïs","Snacks, rice cakes, brown rice, corn",385,8.4,81.2,3.2
riz brun,1 tasse cuite,review,5,4363,0.75,"Grignotises, galettes de riz brun, multigrains","Snacks, rice cakes, brown rice, multigrain",387,8.5,80.1,3.5
riz brun,1 tasse cuite,review,6,4365,0.75,"Grignotises, galettes de riz brun, seigle","Snacks, rice cakes, brown rice, rye",386,8.1,79.9,3.8
riz brun,1 tasse cuite,review,7,4126,0.683,"Grignotises, galettes de riz brun, graines de sésame","Snacks, rice cakes, brown rice, sesame seed",392,7.6,81.5,3.8
riz brun,1 tasse cuite,review,8,4387,0.683,"Grignotises, galettes de riz brun, nature, sans sel","Snacks, rice cakes, brown rice, plain, unsalted",387,8.2,81.5,2.8
riz basmati,1 tasse cuite,review,1,4428,0.65,"Grains céréaliers, son de riz, brut","Grains, rice bran, crude",316,13.35,49.69,20.85
riz basmati,1 tasse cuite,review,2,22,0.45,Fromage carvi,"Cheese, caraway",376,25.18,3.06,29.2
riz basmati,1 tasse cuite,review,3,88,0.45,"Oeuf, canard, entier, frais, cru","Egg, duck, whole, fresh, raw",186,12.81,1.45,13.77
riz basmati,1 tasse cuite,review,4,89,0.45,"Oeuf, oie, entier, frais, cru","Egg, goose, whole, fresh, raw",185,13.87,1.35,13.27
riz basmati,1 tasse cuite,review,5,90,0.45,"Oeuf, caille, entier, frais, cru","Egg, quail, whole, fresh, raw",159,13.05,0.41,11.09
riz basmati,1 tasse cuite,review,6,91,0.45,"Oeuf, dinde, entier, frais, cru","Egg, turkey, whole, fresh, raw",171,13.68,1.15,11.88
riz basmati,1 tasse cuite,review,7,173,0.45,"Épices, carvi, graines","Spices, caraway seed",333,19.77,49.9,14.59
riz basmati,1 tasse cuite,review,8,212,0.45,"Épices, basilic, frais","Spices, basil, fresh",22,3.15,2.65,0.64
riz sauvage,1 tasse cuite,review,1,4449,0.75,"Grains céréaliers, riz sauvage, sec","Grains, rice, wild, dry",357,14.73,74.9,1.08
riz sauvage,1 tasse cuite,review,2,4450,0.75,"Grains céréaliers, riz sauvage, cuit","Grains, rice, wild, cooked",101,3.99,21.34,0.34
riz sauvage,1 tasse cuite,review,3,6379,0.7,"Mûre sauvage, crue","Blackberry, wild, raw",52,0.84,9.84,1.07
riz sauvage,1 tasse cuite,review,4,6381,0.7,"Bleuet sauvage, cru","Blueberry, wild, raw",61,1.22,12.31,0.76
riz sauvage,1 tasse cuite,review,5,6530,0.7,"Framboise sauvage, crue","Raspberry, wild, raw",62,1.12,13.85,0.28
riz sauvage,1 tasse cuite,review,6,4428,0.65,"Grains céréaliers, son de riz, brut","Grains, rice bran, crude",316,13.35,49.69,20.85
riz sauvage,1 tasse cuite,review,7,6416,0.65,"Canneberge (airelle), sauvage, crue","Cranberry (lingonberry), wild, raw",55,1.1,12.3,0.2
riz sauvage,1 tasse cuite,review,8,3049,0.617,"Poisson, saumon, atlantique, sauvage, cru","Fish, salmon, atlantic, wild, raw",142,19.84,0,6.34
quinoa,1 tasse cuite,review,1,7430,1.09,"Quinoa, galette de hambourgeois, congelée","Quinoa burger patty, frozen",192,10.7,17.8,12.1
gruau,1 tasse cuite,review,1,6905,0.341,"Céréale, prête-à-manger, Cheerios: Pépites d'avoine croquantes, General Mills","Cereal, ready to eat, Cheerios: Oat Clusters Crunch, General Mills",387,7.79,82.39,3.57
granola,1/2 tasse,review,1,6596,2.1,"Barre granola, croquante, nature","Granola bar, crunchy, plain",480,9.013,64.3897,21.507
granola,1/2 tasse,review,2,6597,1.993,"Barre granola, croquante, fruits et/ou noix","Granola bar, crunchy, fruit and/or nut",471,8.8817,65.147,20.888
granola,1/2 tasse,review,3,6601,1.6,"Barre granola, tendre, grains de chocolat","Granola bar, chewy, chocolate chip",397,5.2917,72.1539,13.396
granola,1/2 tasse,review,4,6603,1.6,"Barre granola, tendre, faible en gras","Granola bar, chewy, low fat",371,6.37,74.66,8.67
granola,1/2 tasse,review,5,6595,1.543,"Barre granola/céréales, farcie aux fruits, toutes saveurs","Granola bar, cereal bar, fruit-filled, all flavours",386,3.209,63.931,14.127
granola,1/2 tasse,review,6,6600,1.543,"Barre granola, tendre, enrobée de chocolat, toutes saveurs","Granola bar, chewy, chocolate coated, all flavours",425,4.796,69.4203,18.397
granola,1/2 tasse,review,7,6602,1.543,"Barre granola, tendre, fruits et/ou noix","Granola bar, chewy, fruit and/or nut",406,7.876,69.94,11.72
granola,1/2 tasse,review,8,6599,1.525,"Barre granola, tendre, saveurs de fruits, enrobée de yogourt","Granola bar, chewy, fruit flavour, yogourt (yogurt) coated",401,4.984,72.322,14.305
céréales,1 tasse,medium,1,6356,1.543,"Céréales, prêtes à manger, flocons d'amarante","Cereal, ready-to-eat, amaranth flakes",353,15.54,71.15,7
céréales,1 tasse,medium,2,1198,0.575,"Saucisse à déjeuner, en chapelet ou en galette, porc, crue","Sausage, breakfast links or rounds, pork, raw",275,13.85,6.56,21.15
céréales,1 tasse,medium,3,1937,0.575,"Porc, salé, tranches pour le déjeuner, cru ou non chauffé","Pork, cured, breakfast strips, raw or unheated",388,11.74,0.7,37.16
céréales,1 tasse,medium,4,2705,0.575,"Boeuf, salé, tranches à déjeuner, cru ou non réchauffé","Beef, cured, breakfast strips, raw or unheated",406,12.5,0.7,38.8
céréales,1 tasse,medium,5,5618,0.575,"Barre de petit déjeuner, croûte de flocons de maïs avec fruits","Breakfast bar, corn flake crust with fruit",376,4.4,72.8,7.5
céréales,1 tasse,medium,6,5677,0.575,"Saucisse à déjeuner, en chapelet ou en galette, dinde, crue","Sausage, breakfast links or rounds, turkey, raw",156,16.78,9.94,5.08
céréales,1 tasse,medium,7,6909,0.575,"Céréale, prête-à-manger, Kashi: GoLean, Kashi","Cereal, ready to eat, Kashi: GoLean Crunch, Kashi",407,17.93,70.55,5.85
céréales,1 tasse,medium,8,6997,0.575,"Yogourt, garniture granola/céréales","Yogourt (yogurt), with crunchy granola/cereal topping",121,5.03,19.12,2.91
corn flakes,1 tasse,review,1,4416,0.65,"Grains céréaliers, son de maïs, brut","Grains, corn bran, crude",224,8.36,85.64,0.92
corn flakes,1 tasse,review,2,6923,0.636,"Céréale, prête-à-manger, Flocons de mais, Sélection merite","Cereal, ready to eat, Corn Flakes, Selection",398,7.07,87.11,1.29
corn flakes,1 tasse,review,3,1242,0.6,"Céréale, prête-à-manger, flocons de maïs, Kellogg's","Cereal, ready to eat, Corn Flakes, Kellogg's",392,6.63,87.18,0.76
corn flakes,1 tasse,review,4,6915,0.6,"Céréale, prête-à-manger, Flocons de mais: givré, Compliments","Cereal, ready to eat, Corn Flakes: Frosted, Compliments",387,5.01,87.94,2.18
corn flakes,1 tasse,review,5,5618,0.575,"Barre de petit déjeuner, croûte de flocons de maïs avec fruits","Breakfast bar, corn flake crust with fruit",376,4.4,72.8,7.5
corn flakes,1 tasse,review,6,1300,0.572,"Céréale, prête-à-manger, flocons de maïs, Barbara's Bakery","Cereal, ready to eat, corn flakes, Barbara's Bakery",401,8.1,88,0.8
corn flakes,1 tasse,review,7,1301,0.572,"Céréale, prête-à-manger, flocons de maïs, Choix du Président","Cereal, ready to eat, Corn Flakes, President's Choice",398,7.67,86.67,1.33
corn flakes,1 tasse,review,8,1305,0.532,"Céréale, prête-à-manger, flocons de maïs au miel, Nature's Path","Cereal, ready to eat, Corn flakes, Honey'd, Nature's Path",383,6.47,88.51,0.807
cheerios,1 tasse,review,1,6905,0.35,"Céréale, prête-à-manger, Cheerios: Pépites d'avoine croquantes, General Mills","Cereal, ready to eat, Cheerios: Oat Clusters Crunch, General Mills",387,7.79,82.39,3.57
pâtes blanches,1 tasse cuite,review,1,2399,0.7,"Champignon, blanc, cru","Mushroom, white, raw",22,3.09,3.28,0.34
pâtes blanches,1 tasse cuite,review,2,1565,0.65,"Pamplemousse, blanc, californie, cru","Grapefruit, white, california, raw",37,0.88,9.09,0.1
pâtes blanches,1 tasse cuite,review,3,1566,0.65,"Pamplemousse, blanc, floride, cru","Grapefruit, white, florida, raw",32,0.63,8.19,0.1
pâtes blanches,1 tasse cuite,review,4,2301,0.65,"Radis, white icicle, cru","Radish, white icicle, raw",14,1.1,2.63,0.1
pâtes blanches,1 tasse cuite,review,5,1709,0.617,"Groseille (gadelle), rouge et blanche, crue","Currant, red and white, raw",56,1.4,13.8,0.2
pâtes blanches,1 tasse cuite,review,6,1715,0.617,"Pamplemousse, blanc, toutes régions, cru","Grapefruit, white, all areas, raw",33,0.69,8.41,0.1
pâtes blanches,1 tasse cuite,review,7,2092,0.617,"Calebasse, crue","Gourd, white flowered (calabash gourd), raw",14,0.62,3.39,0.02
pâtes blanches,1 tasse cuite,review,8,3072,0.617,"Poisson, meunier noir (carpe noire), cru","Fish, mullet (sucker), white, raw",92,16.76,0,2.32
pâtes de blé entier,1 tasse cuite,review,1,4442,0.617,"Grains céréaliers, son de blé, brut","Grains, wheat bran, crude",216,15.55,64.51,4.25
pâtes de blé entier,1 tasse cuite,review,2,4443,0.617,"Grains céréaliers, germe de blé, brut","Grains, wheat germ, crude",360,23.15,51.8,9.72
pâtes de blé entier,1 tasse cuite,review,3,88,0.593,"Oeuf, canard, entier, frais, cru","Egg, duck, whole, fresh, raw",186,12.81,1.45,13.77
pâtes de blé entier,1 tasse cuite,review,4,89,0.593,"Oeuf, oie, entier, frais, cru","Egg, goose, whole, fresh, raw",185,13.87,1.35,13.27
pâtes de blé entier,1 tasse cuite,review,5,90,0.593,"Oeuf, caille, entier, frais, cru","Egg, quail, whole, fresh, raw",159,13.05,0.41,11.09
pâtes de blé entier,1 tasse cuite,review,6,91,0.593,"Oeuf, dinde, entier, frais, cru","Egg, turkey, whole, fresh, raw",171,13.68,1.15,11.88
pâtes de blé entier,1 tasse cuite,review,7,1763,0.593,"Porc, cuisse, entière, maigre, cru","Pork, leg, whole, lean, raw",136,20.48,0,5.41
pâtes de blé entier,1 tasse cuite,review,8,1777,0.593,"Porc, longe, entière, maigre, cru","Pork, loin, whole, lean, raw",143,21.43,0,5.66
spaghetti,1 assiette,review,1,6766,1.65,Spaghetti avec sauce à la crème,Spaghetti with cream sauce,154,5.196,24.019,3.937
spaghetti,1 assiette,review,2,6767,1.65,Spaghetti avec sauce à la viande,Spaghetti with meat sauce,162,8.242,19.642,5.699
spaghetti,1 assiette,review,3,7422,1.6,"Spaghetti et boulettes de viande, préparation restaurant","Spaghetti and meatballs, restaurant prepared",170,7.84,15.51,8.52
spaghetti,1 assiette,review,4,5868,1.37,"Spaghetti sans viande, conserve","Spaghetti, without meat, canned",71,2.22,13.94,0.71
spaghetti,1 assiette,review,5,5867,1.263,"Spaghetti avec boulettes de viande dans une sauce aux tomates, conserve","Spaghetti, with meatballs in tomato sauce, canned",100,4.37,11.45,4.11
spaghetti,1 assiette,review,6,2458,0.5,"Courge d'hiver, spaghetti, crue","Squash, winter, spaghetti, raw",31,0.64,6.91,0.57
macaroni,1 tasse cuite,review,1,7140,1.525,"Macaroni au fromage, mélange en boîte avec sauce au fromage, non préparé","Macaroni and cheese, box mix with cheese sauce, unprepared",334,12.73,46.66,10.67
macaroni,1 tasse cuite,review,2,7141,1.525,"Macaroni au fromage, mélange en boîte avec sauce au fromage, préparé","Macaroni and cheese, box mix with cheese sauce, prepared",164,6.68,23.1,4.99
macaroni,1 tasse cuite,review,3,4919,1.37,"Macaroni au fromage, conserve","Macaroni and cheese, canned entree",82,3.38,11.52,2.46
macaroni,1 tasse cuite,review,4,4933,1.263,"Macaroni et boeuf, sauce aux tomates, congelé","Macaroni and beef in tomato sauce, frozen",91,6.07,13.23,1.54
lasagne,1 portion,review,1,6743,1.733,"Lasagne végétarienne, faite maison","Lasagna, vegetarian, homemade",139,7.312,17.902,4.352
lasagne,1 portion,review,2,6742,1.6,"Lasagne avec sauce à la viande, faite maison","Lasagna with meat sauce, homemade",157,9.491,16.132,6.089
lasagne,1 portion,review,3,6252,1.09,"Lasagne au fromage, congelée, préparée","Lasagna, cheese, frozen, prepared",130,6.54,13.84,5.33
lasagne,1 portion,review,4,7276,1.09,"Lasagne au fromage, congelée, non préparée","Lasagna, cheese, frozen, unprepared",145,5.06,21.61,4.22
nouilles ramen,1 paquet,review,1,6643,0.65,"Restaurant chinois, nouilles, croquantes","Pasta, noodles, crunchy, Chinese restaurant",522,10.33,51.9,31.72
nouilles ramen,1 paquet,review,2,22,0.45,Fromage carvi,"Cheese, caraway",376,25.18,3.06,29.2
nouilles ramen,1 paquet,review,3,88,0.45,"Oeuf, canard, entier, frais, cru","Egg, duck, whole, fresh, raw",186,12.81,1.45,13.77
nouilles ramen,1 paquet,review,4,89,0.45,"Oeuf, oie, entier, frais, cru","Egg, goose, whole, fresh, raw",185,13.87,1.35,13.27
nouilles ramen,1 paquet,review,5,90,0.45,"Oeuf, caille, entier, frais, cru","Egg, quail, whole, fresh, raw",159,13.05,0.41,11.09
nouilles ramen,1 paquet,review,6,91,0.45,"Oeuf, dinde, entier, frais, cru","Egg, turkey, whole, fresh, raw",171,13.68,1.15,11.88
nouilles ramen,1 paquet,review,7,173,0.45,"Épices, carvi, graines","Spices, caraway seed",333,19.77,49.9,14.59
nouilles ramen,1 paquet,review,8,212,0.45,"Épices, basilic, frais","Spices, basil, fresh",22,3.15,2.65,0.64
nouilles de riz,1 tasse,review,1,4874,0.95,"Pâtes, nouilles de riz, cuites","Pasta, rice noodles, cooked",108,1.79,24.01,0.2
nouilles de riz,1 tasse,review,2,4428,0.736,"Grains céréaliers, son de riz, brut","Grains, rice bran, crude",316,13.35,49.69,20.85
nouilles de riz,1 tasse,review,3,1577,0.617,"Cerise de terre, crue","Groundcherry, raw",53,1.9,11.2,0.7
nouilles de riz,1 tasse,review,4,1582,0.617,"Prune de java, crue","Java-plum, raw",60,0.72,15.56,0.23
nouilles de riz,1 tasse,review,5,1668,0.617,"Figue de Barbarie, crue","Prickly pear, raw",41,0.73,9.57,0.51
nouilles de riz,1 tasse,review,6,2101,0.617,"Oreilles de Judas, crues","Jew's ear (cloud or wood ear, pepeao), raw",25,0.48,6.75,0.04
nouilles de riz,1 tasse,review,7,2276,0.617,"Cresson de fontaine, cru","Watercress, raw",11,2.3,1.29,0.1
nouilles de riz,1 tasse,review,8,2378,0.617,"Choux de Bruxelles, crus","Brussels sprouts, raw",43,3.38,8.95,0.3
patate douce,1 moyenne,review,1,2240,2.517,"Patate douce, crue","Sweet potato, raw",86,1.57,20.12,0.05
patate douce,1 moyenne,review,2,2238,2.35,"Patate douce, feuilles, crues","Sweet potato leaves, raw",42,2.49,8.82,0.51
patate douce,1 moyenne,review,3,6189,2.067,"Patate douce, farine","Sweet potato, flour",364,6.65,85.21,0.21
patate douce,1 moyenne,review,4,2239,1.9,"Patate douce, feuilles, cuites à la vapeur","Sweet potato leaves, steamed",35,2.18,7.38,0.34
patate douce,1 moyenne,review,5,2242,1.8,"Patate douce, bouillie sans la pelure","Sweet potato, boiled without skin",77,1.37,17.72,0.14
patate douce,1 moyenne,review,6,2316,1.8,"Patate douce, cuite, confite, faite maison","Sweet potato, cooked, candied, homemade",164,0.89,32.12,3.54
patate douce,1 moyenne,review,7,6566,1.733,"Patate douce, feuilles, cuites à la vapeur, sel ajouté","Sweet potato leaves, steamed, with salt",35,2.18,7.38,0.34
patate douce,1 moyenne,review,8,2241,1.686,"Patate douce, cuite au four, pelée après la cuisson","Sweet potato, baked, skin removed after baking",90,2.01,20.71,0.15
pomme de terre,1 moyenne,review,1,2417,2.45,"Pomme de terre, chair, crue","Potato, flesh, raw",77,2.02,17.47,0.09
pomme de terre,1 moyenne,review,2,2418,2.45,"Pomme de terre, pelure, crue","Potato, skin, raw",58,2.57,12.44,0.1
pomme de terre,1 moyenne,review,3,2505,2.279,"Pomme de terre, chair et pelure, crue","Potato, flesh and skin, raw",77,2.05,17.49,0.09
pomme de terre,1 moyenne,review,4,5284,2.225,"Pomme de terre, Russet, chair et pelure, crue","Potato, Russet, flesh and skin, raw",79,2.14,18.07,0.08
pomme de terre,1 moyenne,review,5,5285,2.225,"Pomme de terre, blanche, chair et pelure, crue","Potato, white, flesh and skin, raw",69,1.68,15.71,0.1
pomme de terre,1 moyenne,review,6,5286,2.225,"Pomme de terre, rouge, chair et pelure, crue","Potato, red, flesh and skin, raw",71,1.89,15.9,0.14
pomme de terre,1 moyenne,review,7,2236,2.183,"Patate aquatique, crue","Swamp cabbage (skunk cabbage, water convulvolus), raw",19,2.6,3.14,0.2
pomme de terre,1 moyenne,review,8,2240,2.183,"Patate douce, crue","Sweet potato, raw",86,1.57,20.12,0.05
purée de pommes de terre,1 tasse,review,1,4364,0.5,"Grignotises, bâtonnets de pommes de terre","Snacks, potato sticks",522,6.7,53.3,34.4
purée de pommes de terre,1 tasse,review,2,6785,0.5,Pain de pommes de terre (patates),"Bread, potato",266,12.5,47.07,3.13
purée de pommes de terre,1 tasse,review,3,22,0.45,Fromage carvi,"Cheese, caraway",376,25.18,3.06,29.2
purée de pommes de terre,1 tasse,review,4,88,0.45,"Oeuf, canard, entier, frais, cru","Egg, duck, whole, fresh, raw",186,12.81,1.45,13.77
purée de pommes de terre,1 tasse,review,5,89,0.45,"Oeuf, oie, entier, frais, cru","Egg, goose, whole, fresh, raw",185,13.87,1.35,13.27
purée de pommes de terre,1 tasse,review,6,90,0.45,"Oeuf, caille, entier, frais, cru","Egg, quail, whole, fresh, raw",159,13.05,0.41,11.09
purée de pommes de terre,1 tasse,review,7,91,0.45,"Oeuf, dinde, entier, frais, cru","Egg, turkey, whole, fresh, raw",171,13.68,1.15,11.88
purée de pommes de terre,1 tasse,review,8,173,0.45,"Épices, carvi, graines","Spices, caraway seed",333,19.77,49.9,14.59
frites,1 moyenne,review,1,2364,0.65,"Artichaut, cru","Artichoke (Globe, French), raw",47,3.27,10.51,0.15
frites,1 moyenne,review,2,3895,0.617,"Beigne, roussette, givré","Doughnut (donut), French cruller, glazed",412,3.1,59.5,18.3
frites,1 moyenne,review,3,6908,0.55,"Céréale, prête-a-manger, Croque pain doré, General Mills","Cereal, ready to eat, French Toast Crunch, General Mills",385,3.92,87.26,3.47
frites,1 moyenne,review,4,22,0.45,Fromage carvi,"Cheese, caraway",376,25.18,3.06,29.2
frites,1 moyenne,review,5,88,0.45,"Oeuf, canard, entier, frais, cru","Egg, duck, whole, fresh, raw",186,12.81,1.45,13.77
frites,1 moyenne,review,6,89,0.45,"Oeuf, oie, entier, frais, cru","Egg, goose, whole, fresh, raw",185,13.87,1.35,13.27
frites,1 moyenne,review,7,90,0.45,"Oeuf, caille, entier, frais, cru","Egg, quail, whole, fresh, raw",159,13.05,0.41,11.09
frites,1 moyenne,review,8,91,0.45,"Oeuf, dinde, entier, frais, cru","Egg, turkey, whole, fresh, raw",171,13.68,1.15,11.88
hachis brun,1 portion,review,1,4974,0.617,"Champignon, bruns, italien (crimini), cru","Mushroom, brown, Italian (crimini), raw",22,2.5,4.3,0.1
hachis brun,1 portion,review,2,1478,0.517,"Céréale, prête-à-manger, Mini-Wheats givrées (original, érable, cassonnade, fraise), Kellogg's","Cereal, ready to eat, Frosted Mini-Wheats (original, maple, brown sugar, strawberry), Kellogg's",366,8.9,81.8,1.86
hachis brun,1 portion,review,3,22,0.45,Fromage carvi,"Cheese, caraway",376,25.18,3.06,29.2
hachis brun,1 portion,review,4,88,0.45,"Oeuf, canard, entier, frais, cru","Egg, duck, whole, fresh, raw",186,12.81,1.45,13.77
hachis brun,1 portion,review,5,89,0.45,"Oeuf, oie, entier, frais, cru","Egg, goose, whole, fresh, raw",185,13.87,1.35,13.27
hachis brun,1 portion,review,6,90,0.45,"Oeuf, caille, entier, frais, cru","Egg, quail, whole, fresh, raw",159,13.05,0.41,11.09
hachis brun,1 portion,review,7,91,0.45,"Oeuf, dinde, entier, frais, cru","Egg, turkey, whole, fresh, raw",171,13.68,1.15,11.88
hachis brun,1 portion,review,8,173,0.45,"Épices, carvi, graines","Spices, caraway seed",333,19.77,49.9,14.59
oeufs,2 gros,review,1,5928,0.45,"Poisson, saumon, autochtone, oeufs, crus","Fish, salmon, Indigenous, eggs, raw",129,27,0,10
oeufs,2 gros,review,2,5849,0.417,"Poisson, lotte (loche), autochtone, oeufs, crus","Fish, burbot (loche), Indigenous, eggs, raw",195,18,0,14
oeufs,2 gros,review,3,5886,0.417,"Poisson, hareng, autochtone, oeufs, pacifique, crus","Fish, herring eggs, Indigenous, Pacific, raw",74,9.6,4.47,1.93
oeufs,2 gros,review,4,1140,0.393,"Saucisse, Bockwurst, porc/veau, lait/oeufs, crue","Sausage, Bockwurst, pork/veal, with milk and eggs, raw",301,14.03,2.95,25.87
oeufs,2 gros,review,5,3045,0.393,"Poisson, rogue (oeufs de poisson), espèces diverses, crues","Fish, roe, mixed species, raw",143,22.32,1.5,6.42
oeufs,2 gros,review,6,3673,0.3,"Bagel, oeufs","Bagel, egg",278,10.6,53,2.1
oeuf,1 gros,review,1,88,2.05,"Oeuf, canard, entier, frais, cru","Egg, duck, whole, fresh, raw",186,12.81,1.45,13.77
oeuf,1 gros,review,2,89,2.05,"Oeuf, oie, entier, frais, cru","Egg, goose, whole, fresh, raw",185,13.87,1.35,13.27
oeuf,1 gros,review,3,90,2.05,"Oeuf, caille, entier, frais, cru","Egg, quail, whole, fresh, raw",159,13.05,0.41,11.09
oeuf,1 gros,review,4,91,2.05,"Oeuf, dinde, entier, frais, cru","Egg, turkey, whole, fresh, raw",171,13.68,1.15,11.88
oeuf,1 gros,review,5,6717,1.9,Oeuf à la bénédictine,Egg Benedict,185,10.92,9.749,11.282
oeuf,1 gros,review,6,125,1.713,"Oeuf, poule, entier, frais ou congelé, cru","Egg, chicken, whole, fresh or frozen, raw",152,12.268,0.793,10.608
oeuf,1 gros,review,7,126,1.713,"Oeuf, poule, blanc, frais ou congelé, cru","Egg, chicken, white, fresh or frozen, raw",46,10.017,0.628,0
oeuf,1 gros,review,8,127,1.713,"Oeuf, poule, jaune, frais ou congelé, cru","Egg, chicken, yolk, fresh or frozen, raw",351,16.474,1.101,30.43
blancs d oeufs,3 blancs,review,1,88,0.617,"Oeuf, canard, entier, frais, cru","Egg, duck, whole, fresh, raw",186,12.81,1.45,13.77
blancs d oeufs,3 blancs,review,2,89,0.617,"Oeuf, oie, entier, frais, cru","Egg, goose, whole, fresh, raw",185,13.87,1.35,13.27
blancs d oeufs,3 blancs,review,3,90,0.617,"Oeuf, caille, entier, frais, cru","Egg, quail, whole, fresh, raw",159,13.05,0.41,11.09
blancs d oeufs,3 blancs,review,4,91,0.617,"Oeuf, dinde, entier, frais, cru","Egg, turkey, whole, fresh, raw",171,13.68,1.15,11.88
blancs d oeufs,3 blancs,review,5,2111,0.617,"Chou gras (chenopodes blancs), cru","Lambsquarters, raw",43,4.2,7.3,0.8
blancs d oeufs,3 blancs,review,6,5928,0.617,"Poisson, saumon, autochtone, oeufs, crus","Fish, salmon, Indigenous, eggs, raw",129,27,0,10
blancs d oeufs,3 blancs,review,7,1691,0.593,"Melon d'eau (pasteque), cru","Watermelon, raw",30,0.61,7.55,0.15
blancs d oeufs,3 blancs,review,8,2165,0.593,"Phytolaque d'Amérique, pousses, crues","Pokeberry shoots, raw",23,2.6,3.7,0.4
poitrine de poulet,170 g,review,1,6319,1.8,"Poulet, tendres de poitrine, panés, cuits","Chicken breast tenders, breaded, cooked",252,16.35,17.56,12.89
poitrine de poulet,170 g,review,2,6320,1.8,"Poulet, tendres de poitrine, panés, non cuits","Chicken breast tenders, breaded, uncooked",263,14.73,15.01,15.75
poitrine de poulet,170 g,review,3,7112,1.453,"Poulet, tendres de poitrine, panés, congelés, cuits","Chicken breast tenders, breaded, frozen, cooked",240,14.62,14.86,13.58
poitrine de poulet,170 g,review,4,4931,1.173,"Poitrine de poulet farcie au brocoli et fromage, congelée","Chicken breast with broccoli and cheese stuffing, frozen",155,12.4,3.4,10.2
poitrine de poulet,170 g,review,5,1220,0.779,"Charcuterie, poitrine de poulet, cuite, extra maigre","Deli-meat, chicken breast, cooked, extra lean",96,17.14,1.78,1.79
poitrine de poulet,170 g,review,6,7930,0.779,"Charcuterie, poitrine de poulet, rôtie, lanières, assaisonnées","Deli-Meat, chicken breast, roasted, strips, seasoned",119.656842944,23.456075389,2.045545341,2.159402108
poitrine de poulet,170 g,review,7,819,0.736,"Poulet, poulet de cornouailles, viande seulement, crue","Chicken, cornish game hens, meat only, raw",116,20.04,0,3.33
poitrine de poulet,170 g,review,8,838,0.736,"Poulet à griller, poitrine, viande et peau, cru","Chicken, broiler, breast, meat and skin, raw",172,20.85,0,9.25
poulet rôti,170 g,review,1,571,0.65,"Poulet à griller, abats, cru","Chicken, broiler, giblets, raw",124,17.88,1.8,4.47
poulet rôti,170 g,review,2,574,0.65,"Poulet à griller, gésier, cru","Chicken, broiler, gizzard, raw",94,17.66,0,2.06
poulet rôti,170 g,review,3,576,0.65,"Poulet à griller, coeur, cru","Chicken, broiler, heart, raw",153,15.55,0.71,9.33
poulet rôti,170 g,review,4,578,0.65,"Poulet à griller, foie, cru","Chicken, broiler, liver, raw",119,16.92,0.73,4.83
poulet rôti,170 g,review,5,641,0.65,"Poulet à rôtir, abats, cru","Chicken, roasting, giblets, raw",127,18.14,1.14,5.04
poulet rôti,170 g,review,6,650,0.65,"Poulet à bouillir, abats, cru","Chicken, stewing, giblets, raw",168,17.89,2.13,9.21
poulet rôti,170 g,review,7,660,0.65,"Poulet, chapon, abats, cru","Chicken, capon, giblets, raw",130,18.28,1.42,5.18
poulet rôti,170 g,review,8,918,0.65,"Poulet, haché, maigre, cru","Chicken, ground, lean, raw",143,17.44,0.04,8.1
dinde,170 g,review,1,694,2.05,"Dinde, toutes catégories, abats, crus","Turkey, all classes, giblets, raw",124,18.18,0.07,5.09
dinde,170 g,review,2,696,2.05,"Dinde, toutes catégories, gésier, cru","Turkey, all classes, gizzard, raw",111,18.8,0,3.37
dinde,170 g,review,3,698,2.05,"Dinde, toutes catégories, coeur, cru","Turkey, all classes, heart, raw",140,16.7,0.4,7.44
dinde,170 g,review,4,700,2.05,"Dinde, toutes catégories, foie, cru","Turkey, all classes, liver, raw",128,18.26,0,5.5
dinde,170 g,review,5,724,2.05,"Dinde à griller, viande seulement, crue","Turkey, broiler, meat only, raw",112,21.584,0,2.155
dinde,170 g,review,6,756,2.05,"Dinde, jeune, viande seulement, crue","Turkey, hen, meat only, raw",120,21.673,0,3.201
dinde,170 g,review,7,780,2.05,"Dindon, jeune, viande seulement, cru","Turkey, tom, meat only, raw",117,21.536,0,2.794
dinde,170 g,review,8,815,2.05,"Dinde, toutes catégories, hachée, crue","Turkey, all classes, ground, raw",146,18.903,0,7.228
jambon,150 g,review,1,1862,1.453,"Jambon, maigre, en conserve","Ham, lean, canned",144,17.97,0,7.46
jambon,150 g,review,2,7190,1.453,"Jambon, flocons, conserve","Ham, flaked, canned",136,16,0.2,7.4
jambon,150 g,review,3,1942,1.37,"Jambon, extra maigre, en conserve","Ham, extra lean, canned",120,16.4,0.2,4.4
jambon,150 g,review,4,1865,1.32,"Jambon, régulier (13% de gras), en conserve","Ham, regular (13% fat), canned",226,20.53,0.42,15.2
jambon,150 g,review,5,2343,0.25,"Champignon, enoki, cru","Mushroom, enoki, raw",44,2.56,7.68,0.32
jambon,150 g,review,6,2399,0.25,"Champignon, blanc, cru","Mushroom, white, raw",22,3.09,3.28,0.34
jambon,150 g,review,7,4031,0.25,"Croûte de tarte, type biscuit, graham, faite maison, réfrigérée","Pie crust, cookie-type, graham cracker, homemade, chilled",484,4.1,63.9,24.4
jambon,150 g,review,8,4866,0.25,"Champignon, pleurote, cru","Mushroom, oyster, raw",33,3.31,6.09,0.41
porc,170 g,review,1,1832,2.183,"Porc, cervelle, crue","Pork, brains, raw",127,10.28,0,9.21
porc,170 g,review,2,1838,2.183,"Porc, pieds, crus","Pork, feet, raw",213,23.16,0,12.59
porc,170 g,review,3,1839,2.183,"Porc, coeur, cru","Pork, heart, raw",118,17.27,1.33,4.36
porc,170 g,review,4,1841,2.183,"Porc, bajoue, crue","Pork, jowl, raw",655,6.38,0,69.61
porc,170 g,review,5,1843,2.183,"Porc, panne, cru","Pork, leaf fat, raw",857,1.76,0,94.16
porc,170 g,review,6,1844,2.183,"Porc, foie, cru","Pork, liver, raw",134,21.39,2.47,3.65
porc,170 g,review,7,1846,2.183,"Porc, poumons, crus","Pork, lungs, raw",85,14.08,0,2.72
porc,170 g,review,8,1849,2.183,"Porc, pancréas, cru","Pork, pancreas, raw",199,18.56,0,13.24
bacon,3 tranches,medium,1,5462,1.733,"Bacon, dinde, cuit","Turkey, bacon, cooked",368,29.5,4.24,25.87
bacon,3 tranches,medium,2,1936,0.5,"Porc, salé, bacon, cru","Pork, cured, bacon, raw",393,13.66,0,37.13
bacon,3 tranches,medium,3,7143,0.417,"Porc, salé, bacon, réduit en sodium, cru","Pork, cured, bacon, reduced sodium, raw",407,12.53,0.83,39.27
bacon,3 tranches,medium,4,3315,0.3,"Viande, simili, bacon","Meatless, bacon",309,11.69,5.31,29.52
boeuf haché,170 g,review,1,2683,2.35,"Boeuf, haché, maigre, cru","Beef, ground, lean, raw",207,19.575,0,13.675
boeuf haché,170 g,review,2,2786,2.35,"Boeuf, haché, régulier, cru","Beef, ground, regular, raw",293,16.55,0,24.7
boeuf haché,170 g,review,3,2690,2.25,"Boeuf, haché, mi-maigre, cru","Beef, ground, medium, raw",226,18.9,0,16.1
boeuf haché,170 g,review,4,4996,2.25,"Boeuf, haché, extra maigre, cru","Beef, ground, extra lean, raw",158,20.875,0,7.5875
boeuf haché,170 g,review,5,5009,2.25,"Boeuf, haché, maigre, émietté, sauté","Beef, ground, lean, crumbled, pan-fried",258,29,0,14.85
boeuf haché,170 g,review,6,4995,2.183,"Boeuf, haché, mi-maigre, émietté, sauté","Beef, ground, medium, crumbled, pan-fried",285,29.2,0,17.825
boeuf haché,170 g,review,7,4998,2.183,"Boeuf, haché, extra maigre, émietté, sauté","Beef, ground, extra lean, crumbled, pan-fried",222,30.65,0,10.125
boeuf haché,170 g,review,8,5011,2.183,"Boeuf, haché, régulier, émietté, sauté, rinsé","Beef, ground, regular, crumbled, pan-fried, rinsed",249,26.425,0,15.1
steak,170 g,review,1,2650,2.183,"Boeuf, cervelle, crue","Beef, brain, raw",143,10.86,1.05,10.3
steak,170 g,review,2,2653,2.183,"Boeuf, coeur, cru","Beef, heart, raw",112,17.72,0.14,3.94
steak,170 g,review,3,2658,2.183,"Boeuf, poumon, cru","Beef, lungs, raw",92,16.2,0,2.5
steak,170 g,review,4,2661,2.183,"Boeuf, pancréas, cru","Beef, pancreas, raw",235,15.7,0,18.6
steak,170 g,review,5,2663,2.183,"Boeuf, rate, cru","Beef, spleen, raw",105,18.3,0,3
steak,170 g,review,6,2665,2.183,"Boeuf, graisse de rognons (suif), cru","Beef, suet, raw",854,1.5,0,94
steak,170 g,review,7,2666,2.183,"Boeuf, thymus, cru","Beef, thymus, raw",236,12.18,0,20.35
steak,170 g,review,8,2668,2.183,"Boeuf, langue, cru","Beef, tongue, raw",224,14.9,3.68,16.09
saumon,150 g,review,1,3217,0.5,"Poisson, saumon, kéta, cru","Fish, salmon, chum (keta), raw",120,23.1,0,3.7
saumon,150 g,review,2,3221,0.5,"Poisson, saumon, rose, cru","Fish, salmon, pink (humpback), raw",127,20.5,0,6.7
saumon,150 g,review,3,3049,0.45,"Poisson, saumon, atlantique, sauvage, cru","Fish, salmon, atlantic, wild, raw",142,19.84,0,6.34
saumon,150 g,review,4,3051,0.45,"Poisson, saumon, quinnat (printemps, royal), cru","Fish, salmon, chinook (spring), raw",179,19.93,0,10.43
saumon,150 g,review,5,3052,0.45,"Poisson, saumon, rouge (sockeye), cru","Fish, salmon, sockeye (red), raw",131,22.25,0,4.69
saumon,150 g,review,6,3182,0.45,"Poisson, saumon, atlantique, élevage, cru","Fish, salmon, atlantic, farmed, raw",208,20.42,0,13.42
saumon,150 g,review,7,3184,0.45,"Poisson, saumon, coho, élevage, cru","Fish, salmon, coho, farmed, raw",160,21.27,0,7.67
saumon,150 g,review,8,3219,0.45,"Poisson, saumon, coho, sauvage, cru","Fish, salmon, coho, wild, raw",146,20,0,4.6
thon en conserve,1 conserve,review,1,1862,0.4,"Jambon, maigre, en conserve","Ham, lean, canned",144,17.97,0,7.46
thon en conserve,1 conserve,review,2,6204,0.4,"Goyave, nectar, en conserve","Guava, nectar, canned",57,0.09,14.87,0.06
thon en conserve,1 conserve,review,3,6205,0.4,"Mangue, nectar, en conserve","Mango, nectar, canned",51,0.11,13.12,0.06
thon en conserve,1 conserve,review,4,1942,0.333,"Jambon, extra maigre, en conserve","Ham, extra lean, canned",120,16.4,0.2,4.4
thon en conserve,1 conserve,review,5,2192,0.333,"Citrouille, conserve","Pumpkin, canned",34,1.1,8.09,0.28
thon en conserve,1 conserve,review,6,2389,0.333,"Maïs sucré, conserve, en crème","Corn, sweet, canned, cream style",72,1.74,18.13,0.42
thon en conserve,1 conserve,review,7,2496,0.333,"Piments de la Jamaïque, conserve","Pimento, canned",23,1.1,5.1,0.3
thon en conserve,1 conserve,review,8,3086,0.333,"Thon, salade",Tuna salad,187,16.04,9.41,9.26
thon,150 g,medium,1,3086,1.9,"Thon, salade",Tuna salad,187,16.04,9.41,9.26
thon,150 g,medium,2,3079,0.45,"Poisson, thon rouge, frais, cru","Fish, tuna, bluefin, fresh, raw",144,23.33,0,4.9
thon,150 g,medium,3,3085,0.45,"Poisson, thon à nageoires jaunes, frais, cru","Fish, tuna, yellowfin, fresh, raw",109,24.4,0,0.49
thon,150 g,medium,4,3082,0.417,"Poisson, bonite à ventre rayé, frais, cru","Fish, tuna, skipjack (aku), fresh, raw",103,22,0,1.01
thon,150 g,medium,5,3080,0.393,"Poisson, thon rouge, frais, cuit au four ou grillé","Fish, tuna, bluefin, fresh, baked or broiled",184,29.91,0,6.28
truite,150 g,review,1,7234,0.5,"Poisson, truite mouchetée, crue","Fish, trout, brook, raw",110,21.23,0,2.73
truite,150 g,review,2,3186,0.45,"Poisson, truite, arc-en-ciel, élevage, crue","Fish, trout, rainbow, farmed, raw",141,19.94,0,6.18
truite,150 g,review,3,3204,0.45,"Poisson, truite, espèces diverses, crues","Fish, trout, mixed species, raw",148,20.77,0,6.61
truite,150 g,review,4,3205,0.45,"Poisson, truite, arc-en-ciel, sauvage, crue","Fish, trout, rainbow, wild, raw",119,20.48,0,3.46
truite,150 g,review,5,3058,0.393,"Poisson, truite de mer, espèces diverses, crues","Fish, seatrout (weakfish), mixed species, raw",104,16.74,0,3.61
morue,150 g,review,1,3020,0.5,"Poisson, morue-lingue, crue","Fish, lingcod, raw",85,17.66,0,1.06
morue,150 g,review,2,3047,0.5,"Poisson, morue charbonnière, crue","Fish, sablefish (black cod), raw",195,13.41,0,15.3
morue,150 g,review,3,3194,0.45,"Poisson, morue de l'Atlantique, crue","Fish, cod (scrod), Atlantic, raw",82,17.81,0,0.67
morue,150 g,review,4,3196,0.45,"Poisson, morue (morue grise), pacifique, crue","Fish, cod (gray cod), pacific, raw",69,15.27,0,0.41
morue,150 g,review,5,3231,0.375,"Poisson, morue de l'Atlantique, langues et joues, crues","Fish, cod (scrod), Atlantic, tongues and cheeks, raw",72,14.6,0,1.1
tilapia,170 g,review,1,5966,0.583,"Poisson, tilapia, cru","Fish, tilapia, raw",96,20.08,0,1.7
crevettes,170 g,review,1,3105,0.5,"Crustacés, crevette, imitation (surimi)","Crustaceans, shrimp, imitation (surimi)",101,12.39,9.13,1.47
crevettes,170 g,review,2,3211,0.45,"Crustacés, crevette, espèces diverses, crues","Crustaceans, shrimp, mixed species, raw",71,13.61,0.91,1.01
crevettes,170 g,review,3,3104,0.393,"Crustacés, crevette, espèces, diverses, panées et frites","Crustaceans, shrimp, mixed species, breaded and fried",242,21.39,11.47,12.28
crevettes,170 g,review,4,3212,0.393,"Crustacés, crevette, espèces diverses, à vapeur ou bouillies","Crustaceans, shrimp, mixed species, boiled or steamed",119,22.78,1.52,1.7
crevettes,170 g,review,5,3224,0.17,"Crustacés, crevette, espèces diverses, conserve","Crustaceans, shrimp, mixed species, canned",99,20.42,0,1.36
tofu ferme,150 g,review,1,4913,0.5,"Tofu, soyeux, léger, ferme","Tofu, silken, light, firm",37,6.3,1.1,0.8
tofu ferme,150 g,review,2,22,0.45,Fromage carvi,"Cheese, caraway",376,25.18,3.06,29.2
tofu ferme,150 g,review,3,88,0.45,"Oeuf, canard, entier, frais, cru","Egg, duck, whole, fresh, raw",186,12.81,1.45,13.77
tofu ferme,150 g,review,4,89,0.45,"Oeuf, oie, entier, frais, cru","Egg, goose, whole, fresh, raw",185,13.87,1.35,13.27
tofu ferme,150 g,review,5,90,0.45,"Oeuf, caille, entier, frais, cru","Egg, quail, whole, fresh, raw",159,13.05,0.41,11.09
tofu ferme,150 g,review,6,91,0.45,"Oeuf, dinde, entier, frais, cru","Egg, turkey, whole, fresh, raw",171,13.68,1.15,11.88
tofu ferme,150 g,review,7,173,0.45,"Épices, carvi, graines","Spices, caraway seed",333,19.77,49.9,14.59
tofu ferme,150 g,review,8,212,0.45,"Épices, basilic, frais","Spices, basil, fresh",22,3.15,2.65,0.64
tofu,150 g,review,1,6577,1.9,"Tofu, frit","Tofu, fried",270,18.82,8.86,20.18
tofu,150 g,review,2,7772,1.733,"Tofu, soyeux, réfrigéré","Tofu, silken, refrigerated",62,6.9,2.4,2.7
tofu,150 g,review,3,4913,1.65,"Tofu, soyeux, léger, ferme","Tofu, silken, light, firm",37,6.3,1.1,0.8
tofu,150 g,review,4,4910,1.6,"Tofu, soyeux, mou, à longue durée de conservation","Tofu, silken, soft, shelf stable",55,4.8,2.9,2.7
tofu,150 g,review,5,4911,1.6,"Tofu, soyeux, ferme, à longue durée de conservation","Tofu, silken, firm, shelf stable",62,6.9,2.4,2.7
tofu,150 g,review,6,4914,1.6,"Tofu, soyeux, léger, extra ferme","Tofu, silken, light, extra firm",38,7,1,0.7
tofu,150 g,review,7,4912,1.567,"Tofu, soyeux, extra ferme, à longue durée de conservation","Tofu, silken, extra firm, shelf stable",55,7.4,2,1.9
tofu,150 g,review,8,6578,1.567,"Tofu, frit (préparé avec calcium sulfate)","Tofu, fried (prepared with calcium sulphate)",270,18.82,8.86,20.18
lentilles,1 tasse cuite,medium,1,2113,2.183,"Lentilles, germées, crues","Lentils, sprouted, raw",106,8.96,22.14,0.55
lentilles,1 tasse cuite,medium,2,6183,1.9,"Lentilles, farine","Lentils, flour",367,30.45,61.95,1.04
lentilles,1 tasse cuite,medium,3,3392,1.65,"Lentilles, grains mûrs, secs","Lentils, mature seeds, dry",352,24.63,63.35,1.06
lentilles,1 tasse cuite,medium,4,3393,1.65,"Lentilles, grains mûrs, bouillis","Lentils, mature seeds, boiled",116,9.02,20.13,0.38
lentilles,1 tasse cuite,medium,5,4869,1.6,"Lentilles, roses, grains mûrs, secs","Lentils, pink, mature seeds, dry",358,23.91,63.1,2.17
lentilles,1 tasse cuite,medium,6,5918,1.6,"Lentilles, roses, grains mûrs, bouillis","Lentils, pink, mature seeds, boiled",106,7.634,18.098,0.664
lentilles,1 tasse cuite,medium,7,2114,1.567,"Lentilles, germées, sautées, sans gras ajouté","Lentils, sprouted, stir-fried, no fat added",101,8.8,21.25,0.45
lentilles,1 tasse cuite,medium,8,3411,1.567,"Lentilles, grains mûrs, bouillis, sel ajouté","Lentils, mature seeds, boiled, salt added",114,9.02,19.54,0.38
pois chiches,1 tasse,review,1,4886,1.9,"Pois chiches, farine (besan)",Chickpea flour (besan),387,22.39,57.82,6.69
pois chiches,1 tasse,review,2,3389,1.733,"Pois chiches (garbanzo), grains mûrs, secs","Chickpeas (garbanzo beans, bengal gram), mature seeds, dry",378,20.47,62.95,6.04
pois chiches,1 tasse,review,3,3390,1.733,"Pois chiches (garbanzo), grains mûrs, bouillis","Chickpeas (garbanzo beans, bengal gram), mature seeds, boiled",164,8.86,27.42,2.59
pois chiches,1 tasse,review,4,3410,1.65,"Pois chiches, (garbanzo), grains mûrs, bouillis, sel ajouté","Chickpeas (garbanzo beans, bengal gram), mature seeds, boiled, salt added",164,8.86,27.42,2.59
pois chiches,1 tasse,review,5,7060,1.52,"Pois chiches (garbanzo), conserve, égouttés","Chickpeas (garbanzo beans, bengal gram), canned, drained solids",139,7.05,22.53,2.77
pois chiches,1 tasse,review,6,3279,1.406,"Pois chiches (garbanzo), conserve, solides et liquide","Chickpeas (garbanzo beans, bengal gram), canned, solids and liquid",88,4.92,13.49,1.95
pois chiches,1 tasse,review,7,7061,1.406,"Pois chiches (garbanzo), conserve, égouttés et rinsés","Chickpeas (garbanzo beans, bengal gram), canned, drained, rinsed",138,7.04,22.87,2.47
pois chiches,1 tasse,review,8,7242,1.32,"Pois chiches (garbanzo), conserve, solides et liquide, réduit en sodium","Chickpeas (garbanzo beans, bengal gram), canned, solids and liquid, reduced sodium",88,4.92,13.49,1.95
haricots noirs,1 tasse,medium,1,6181,2.067,"Haricots, noirs, farine","Beans, black, flour",363,22.99,66.38,1.51
haricots noirs,1 tasse,medium,2,3376,1.8,"Haricots, noirs, grains mûrs, secs","Beans, black, mature seeds, dry",341,21.6,62.36,1.42
haricots noirs,1 tasse,medium,3,3377,1.8,"Haricots, noirs, grains mûrs, bouillis","Beans, black, mature seeds, boiled",132,8.86,23.71,0.54
haricots noirs,1 tasse,medium,4,3341,1.686,"Haricots, noirs, grains mûrs, bouillis, sel ajouté","Beans, black, mature seeds, boiled, salt added",132,8.86,23.71,0.54
haricots noirs,1 tasse,medium,5,7235,1.302,"Haricots, noirs, grains mûrs, conserve, solides et liquide, réduit en sodium","Beans, black, mature seeds, canned, solids and liquid, reduced sodium",91,6.03,16.55,0.29
haricots noirs,1 tasse,medium,6,2003,0.7,"Haricots, lima, crus","Beans, lima, raw",113,6.84,20.17,0.86
haricots noirs,1 tasse,medium,7,6940,0.683,"Soupe, haricots noirs, prête-à-servir","Soup, black bean, ready-to-serve",103,5.1,14.79,2.57
haricots noirs,1 tasse,medium,8,1541,0.65,"Cassis, noir européen, cru","Currant, european black, raw",63,1.4,15.38,0.41
haricots rouges,1 tasse,medium,1,5536,1.9,"Haricots, rouges, liquide seulement","Beans, liquid from stewed kidney beans",47,1.8,2.8,3.2
haricots rouges,1 tasse,medium,2,6366,1.65,"Haricots, rouges, tous les types, grains mûrs, bouillis","Beans, kidney, all types, mature seeds, boiled",127,8.67,22.8,0.5
haricots rouges,1 tasse,medium,3,6367,1.65,"Haricots, rouges, tous les types, grains mûrs, secs","Beans, kidney, all types, mature seeds, dry",333,23.58,60.01,0.83
haricots rouges,1 tasse,medium,4,7081,1.62,"Haricots, rouges, conserve, égouttés","Beans, kidney, red, canned, drained solids",124,7.98,21.49,1.05
haricots rouges,1 tasse,medium,5,6365,1.6,"Haricots, rouges, tous les types, grains mûrs, bouillis, sel ajouté","Beans, kidney, all types, mature seeds, boiled, with salt",127,8.67,22.8,0.5
haricots rouges,1 tasse,medium,6,7085,1.453,"Haricots, rouges, conserve, égouttés et rincés","Beans, kidney, red, canned, drained and rinsed",121,8.12,20.8,0.93
haricots rouges,1 tasse,medium,7,7240,1.342,"Haricots, rouges, conserve, solides et liquide, réduit en sodium","Beans, kidney, red, canned, solids and liquid, reduced sodium",81,5.22,14.83,0.36
haricots rouges,1 tasse,medium,8,3379,1.32,"Haricots, rouges, tous les types, conserve, avec solides et liquide","Beans, kidney, all types, canned, solids and liquid",84,5.22,14.5,0.6
edamame,1 tasse,review,1,2208,0.5,"Fèves, soya frais (edamame), crues","Soybeans, green (edamame), raw",147,12.95,11.05,6.8
edamame,1 tasse,review,2,2209,0.45,"Fèves, soya frais (edamame), bouillies, égouttées","Soybeans, green (edamame), boiled, drained",141,12.35,11.05,6.4
edamame,1 tasse,review,3,6542,0.393,"Fèves, soya frais (edamame), bouillies, égouttées, sel ajouté","Soybeans, green (edamame), boiled, drained, with salt",142,12.35,11.05,6.4
falafel,5 morceaux,medium,1,3339,1.9,"Falafel, fait maison","Falafel, homemade",333,13.31,31.84,17.8
chili,1 bol,review,1,7584,1.543,"Chili con carne avec haricots, préparation restaurant","Chili con carne with beans, restaurant prepared",157,12.56,4.57,9.79
chili,1 bol,review,2,3391,1.37,"Chili avec haricots, conserve","Chili with beans, canned",103,6.12,13.24,3.76
chili,1 bol,review,3,5866,1.37,"Chili sans haricots, conserve","Chili without beans, canned",118,7.53,6.1,7.1
chili,1 bol,review,4,4963,1.287,"Chili con carne avec haricots, conserve","Chili con carne with beans, canned",107,5.8,13.1,3.47
chili,1 bol,review,5,2322,0.393,"Piment, fort du Chili, rouge ou verts, cru","Pepper, hot chili, red or green, raw",40,2,9.46,0.2
burger de boeuf,1 burger,review,1,2787,0.85,"Boeuf, rognon de, cru","Beef, kidneys, raw",99,17.4,0.29,3.09
burger de boeuf,1 burger,review,2,2788,0.85,"Boeuf, foie de, cru","Beef, liver, raw",135,20.36,3.89,3.63
burger de boeuf,1 burger,review,3,1543,0.736,"Anone reticulée, anone coeur de boeuf, crue","Custard-apple, raw",101,1.7,25.2,0.6
burger de boeuf,1 burger,review,4,2665,0.736,"Boeuf, graisse de rognons (suif), cru","Beef, suet, raw",854,1.5,0,94
burger de boeuf,1 burger,review,5,2650,0.7,"Boeuf, cervelle, crue","Beef, brain, raw",143,10.86,1.05,10.3
burger de boeuf,1 burger,review,6,2653,0.7,"Boeuf, coeur, cru","Beef, heart, raw",112,17.72,0.14,3.94
burger de boeuf,1 burger,review,7,2658,0.7,"Boeuf, poumon, cru","Beef, lungs, raw",92,16.2,0,2.5
burger de boeuf,1 burger,review,8,2661,0.7,"Boeuf, pancréas, cru","Beef, pancreas, raw",235,15.7,0,18.6
burger végétarien,1 burger,review,1,6755,0.683,"Sandwich, hambourgeois végétarien avec légumes et mayonnaise","Sandwich, vegetarian burger (veggie burger) + vegetables + mayonnaise",233,12.039,20.084,11.642
burger végétarien,1 burger,review,2,22,0.45,Fromage carvi,"Cheese, caraway",376,25.18,3.06,29.2
burger végétarien,1 burger,review,3,88,0.45,"Oeuf, canard, entier, frais, cru","Egg, duck, whole, fresh, raw",186,12.81,1.45,13.77
burger végétarien,1 burger,review,4,89,0.45,"Oeuf, oie, entier, frais, cru","Egg, goose, whole, fresh, raw",185,13.87,1.35,13.27
burger végétarien,1 burger,review,5,90,0.45,"Oeuf, caille, entier, frais, cru","Egg, quail, whole, fresh, raw",159,13.05,0.41,11.09
burger végétarien,1 burger,review,6,91,0.45,"Oeuf, dinde, entier, frais, cru","Egg, turkey, whole, fresh, raw",171,13.68,1.15,11.88
burger végétarien,1 burger,review,7,173,0.45,"Épices, carvi, graines","Spices, caraway seed",333,19.77,49.9,14.59
burger végétarien,1 burger,review,8,212,0.45,"Épices, basilic, frais","Spices, basil, fresh",22,3.15,2.65,0.64
lait écrémé,1 tasse,review,1,2932,0.617,"Lait frappé (restauration-minute), fraise","Milkshake (fast food), strawberry",113,3.4,18.9,2.8
lait écrémé,1 tasse,review,2,3532,0.593,"Veau de lait, côtelette, maigre, cru","Veal, milk-fed, rib chop, lean, raw",113,20.361,0,2.848
lait écrémé,1 tasse,review,3,7723,0.593,"Lait, liquide, fraise, 1% M.G.","Milk, fluid, strawberry, 1% M.F.",58,3.09,9.61,0.894
lait écrémé,1 tasse,review,4,1140,0.575,"Saucisse, Bockwurst, porc/veau, lait/oeufs, crue","Sausage, Bockwurst, pork/veal, with milk and eggs, raw",301,14.03,2.95,25.87
lait écrémé,1 tasse,review,5,3538,0.575,"Veau de lait, rôti d'épaule, entier, maigre, cru","Veal, milk-fed, shoulder, whole, lean, raw",96,20.02,0,1.22
lait écrémé,1 tasse,review,6,3518,0.561,"Veau de lait, escalopes (ronde d'intérieur), cru","Veal, milk-fed, cutlets (inside top round), raw",94,20.721,0,0.594
lait écrémé,1 tasse,review,7,3529,0.561,"Veau de lait, côtelette, maigre et gras, cru","Veal, milk-fed, rib chop, lean and fat, raw",237,16.872,0,18.221
lait écrémé,1 tasse,review,8,5214,0.561,"Veau de lait, épaule, bifteck de palette, maigre, cru","Veal, milk-fed, shoulder, blade steak, lean, raw",104,20.156,0,1.914
lait 1%,1 tasse,review,1,7723,0.783,"Lait, liquide, fraise, 1% M.G.","Milk, fluid, strawberry, 1% M.F.",58,3.09,9.61,0.894
lait 1%,1 tasse,review,2,7721,0.632,"Lait, liquide, saveurs autres que chocolat et fraise, 1% M.G.","Milk, fluid, flavours not chocolate or strawberry, 1% M.G.",61,3.34,8.06,1.818
lait 1%,1 tasse,review,3,2932,0.617,"Lait frappé (restauration-minute), fraise","Milkshake (fast food), strawberry",113,3.4,18.9,2.8
lait 1%,1 tasse,review,4,3532,0.593,"Veau de lait, côtelette, maigre, cru","Veal, milk-fed, rib chop, lean, raw",113,20.361,0,2.848
lait 1%,1 tasse,review,5,1140,0.575,"Saucisse, Bockwurst, porc/veau, lait/oeufs, crue","Sausage, Bockwurst, pork/veal, with milk and eggs, raw",301,14.03,2.95,25.87
lait 1%,1 tasse,review,6,3518,0.561,"Veau de lait, escalopes (ronde d'intérieur), cru","Veal, milk-fed, cutlets (inside top round), raw",94,20.721,0,0.594
lait 1%,1 tasse,review,7,3529,0.561,"Veau de lait, côtelette, maigre et gras, cru","Veal, milk-fed, rib chop, lean and fat, raw",237,16.872,0,18.221
lait 1%,1 tasse,review,8,5214,0.561,"Veau de lait, épaule, bifteck de palette, maigre, cru","Veal, milk-fed, shoulder, blade steak, lean, raw",104,20.156,0,1.914
lait 2%,1 tasse,review,1,5276,0.72,"Fraises, mélange à saveur, poudre, avec lait 2% M.G.","Strawberry flavour mix, powder, with 2% M.F. milk",78,3.04,12.469,1.835
lait 2%,1 tasse,review,2,4057,0.65,"Tarte, pêche, 2 croûtes","Pie, peach, 2 crust",224,1.9,32.9,10
lait 2%,1 tasse,review,3,2932,0.617,"Lait frappé (restauration-minute), fraise","Milkshake (fast food), strawberry",113,3.4,18.9,2.8
lait 2%,1 tasse,review,4,3941,0.617,"Tarte, pommes, commerciale, 2 croûtes","Pie, apple, commercial, 2 crust",237,1.9,34,11
lait 2%,1 tasse,review,5,3942,0.617,"Tarte, pommes, faite maison, 2 croûtes","Pie, apple, homemade, 2 crust",265,2.4,37.1,12.5
lait 2%,1 tasse,review,6,3945,0.617,"Tarte, bleuets, faite maison, 2 croûtes","Pie, blueberry, homemade, 2 crust",245,2.7,33.5,11.9
lait 2%,1 tasse,review,7,3947,0.617,"Tarte, cerises, faite maison, 2 croûtes","Pie, cherry, homemade, 2 crust",270,2.8,38.5,12.2
lait 2%,1 tasse,review,8,3960,0.617,"Tarte, mincemeat, faite maison, 2 croûtes","Pie, mincemeat, homemade, 2 crust",289,2.6,48,10.8
lait entier,1 tasse,review,1,2908,0.806,"Fraises, mélange à saveur, poudre, avec lait entier","Strawberry flavour mix, powder, with whole milk",88,3,12.3,3.1
lait entier,1 tasse,review,2,48,0.75,"Fromage tilsit, avec lait entier","Cheese, tilsit, with whole milk",340,24.41,1.88,25.98
lait entier,1 tasse,review,3,3538,0.736,"Veau de lait, rôti d'épaule, entier, maigre, cru","Veal, milk-fed, shoulder, whole, lean, raw",96,20.02,0,1.22
lait entier,1 tasse,review,4,6703,0.683,"Thé, chaï, préparé avec lait entier","Tea, chai latte, prepared with whole milk",68,2.116,10.922,2.138
lait entier,1 tasse,review,5,6704,0.683,"Café au lait, préparé avec lait entier","Coffee latte, prepared with whole milk",39,2.114,3.384,2.155
lait entier,1 tasse,review,6,3535,0.672,"Veau de lait, rôti d'épaule, entier, maigre et gras, cru","Veal, milk-fed, shoulder, whole, lean and fat, raw",115,19.519,0,3.571
lait entier,1 tasse,review,7,88,0.617,"Oeuf, canard, entier, frais, cru","Egg, duck, whole, fresh, raw",186,12.81,1.45,13.77
lait entier,1 tasse,review,8,89,0.617,"Oeuf, oie, entier, frais, cru","Egg, goose, whole, fresh, raw",185,13.87,1.35,13.27
lait au chocolat,1 tasse,review,1,4831,0.683,"Confiseries, chocolat à cuisson, chocolat au lait, petites brisures","Sweets, baking chocolate, milk chocolate, mini bits",503,4.78,68.4,23.36
lait au chocolat,1 tasse,review,2,7721,0.65,"Lait, liquide, saveurs autres que chocolat et fraise, 1% M.G.","Milk, fluid, flavours not chocolate or strawberry, 1% M.G.",61,3.34,8.06,1.818
lait au chocolat,1 tasse,review,3,2932,0.593,"Lait frappé (restauration-minute), fraise","Milkshake (fast food), strawberry",113,3.4,18.9,2.8
lait au chocolat,1 tasse,review,4,7723,0.593,"Lait, liquide, fraise, 1% M.G.","Milk, fluid, strawberry, 1% M.F.",58,3.09,9.61,0.894
lait au chocolat,1 tasse,review,5,3532,0.575,"Veau de lait, côtelette, maigre, cru","Veal, milk-fed, rib chop, lean, raw",113,20.361,0,2.848
lait au chocolat,1 tasse,review,6,3538,0.575,"Veau de lait, rôti d'épaule, entier, maigre, cru","Veal, milk-fed, shoulder, whole, lean, raw",96,20.02,0,1.22
lait au chocolat,1 tasse,review,7,1140,0.561,"Saucisse, Bockwurst, porc/veau, lait/oeufs, crue","Sausage, Bockwurst, pork/veal, with milk and eggs, raw",301,14.03,2.95,25.87
lait au chocolat,1 tasse,review,8,3518,0.561,"Veau de lait, escalopes (ronde d'intérieur), cru","Veal, milk-fed, cutlets (inside top round), raw",94,20.721,0,0.594
lait d amande,1 tasse,review,1,3518,0.672,"Veau de lait, escalopes (ronde d'intérieur), cru","Veal, milk-fed, cutlets (inside top round), raw",94,20.721,0,0.594
lait d amande,1 tasse,review,2,3538,0.65,"Veau de lait, rôti d'épaule, entier, maigre, cru","Veal, milk-fed, shoulder, whole, lean, raw",96,20.02,0,1.22
lait d amande,1 tasse,review,3,3535,0.617,"Veau de lait, rôti d'épaule, entier, maigre et gras, cru","Veal, milk-fed, shoulder, whole, lean and fat, raw",115,19.519,0,3.571
lait d amande,1 tasse,review,4,1691,0.593,"Melon d'eau (pasteque), cru","Watermelon, raw",30,0.61,7.55,0.15
lait d amande,1 tasse,review,5,2165,0.593,"Phytolaque d'Amérique, pousses, crues","Pokeberry shoots, raw",23,2.6,3.7,0.4
lait d amande,1 tasse,review,6,2203,0.593,"Algue, mousse d'Irlande, crue","Seaweed, irishmoss, raw",49,1.51,12.29,0.16
lait d amande,1 tasse,review,7,2218,0.593,"Courge d'été, musquée, crue","Squash, summer, crookneck, raw",19,1.01,3.88,0.27
lait d amande,1 tasse,review,8,2223,0.593,"Courge d'été, pâtisson, cru","Squash, summer, scallop, raw",18,1.2,3.84,0.2
lait de soya,1 tasse,review,1,3532,0.736,"Veau de lait, côtelette, maigre, cru","Veal, milk-fed, rib chop, lean, raw",113,20.361,0,2.848
lait de soya,1 tasse,review,2,3518,0.672,"Veau de lait, escalopes (ronde d'intérieur), cru","Veal, milk-fed, cutlets (inside top round), raw",94,20.721,0,0.594
lait de soya,1 tasse,review,3,3529,0.672,"Veau de lait, côtelette, maigre et gras, cru","Veal, milk-fed, rib chop, lean and fat, raw",237,16.872,0,18.221
lait de soya,1 tasse,review,4,5214,0.672,"Veau de lait, épaule, bifteck de palette, maigre, cru","Veal, milk-fed, shoulder, blade steak, lean, raw",104,20.156,0,1.914
lait de soya,1 tasse,review,5,2210,0.65,"Fèves, soya, grains immatures, germées, germes de haricot, crues","Soybeans, mature seeds, sprouted, bean sprouts, raw",122,13.09,9.57,6.7
lait de soya,1 tasse,review,6,3538,0.65,"Veau de lait, rôti d'épaule, entier, maigre, cru","Veal, milk-fed, shoulder, whole, lean, raw",96,20.02,0,1.22
lait de soya,1 tasse,review,7,2643,0.632,"Noix de coco, lait (liquide de la noix râpée et eau), cru","Coconut milk (liquid from grated meat and water), raw",230,2.29,5.54,23.84
lait de soya,1 tasse,review,8,5206,0.632,"Veau de lait, épaule, bifteck de palette, maigre et gras, cru","Veal, milk-fed, shoulder, blade steak, lean and fat, raw",160,18.797,0,8.849
lait d avoine,1 tasse,review,1,3518,0.672,"Veau de lait, escalopes (ronde d'intérieur), cru","Veal, milk-fed, cutlets (inside top round), raw",94,20.721,0,0.594
lait d avoine,1 tasse,review,2,3538,0.65,"Veau de lait, rôti d'épaule, entier, maigre, cru","Veal, milk-fed, shoulder, whole, lean, raw",96,20.02,0,1.22
lait d avoine,1 tasse,review,3,3535,0.617,"Veau de lait, rôti d'épaule, entier, maigre et gras, cru","Veal, milk-fed, shoulder, whole, lean and fat, raw",115,19.519,0,3.571
lait d avoine,1 tasse,review,4,6905,0.617,"Céréale, prête-à-manger, Cheerios: Pépites d'avoine croquantes, General Mills","Cereal, ready to eat, Cheerios: Oat Clusters Crunch, General Mills",387,7.79,82.39,3.57
lait d avoine,1 tasse,review,5,1691,0.593,"Melon d'eau (pasteque), cru","Watermelon, raw",30,0.61,7.55,0.15
lait d avoine,1 tasse,review,6,2165,0.593,"Phytolaque d'Amérique, pousses, crues","Pokeberry shoots, raw",23,2.6,3.7,0.4
lait d avoine,1 tasse,review,7,2203,0.593,"Algue, mousse d'Irlande, crue","Seaweed, irishmoss, raw",49,1.51,12.29,0.16
lait d avoine,1 tasse,review,8,2218,0.593,"Courge d'été, musquée, crue","Squash, summer, crookneck, raw",19,1.01,3.88,0.27
yogourt grec nature,3/4 tasse,review,1,7910,0.7,"Crumpets, nature","Crumpets, plain",214.4178,6.296156412,45.627543588,0.747
yogourt grec nature,3/4 tasse,review,2,6995,0.65,"Yogourt, fromage frais (quark), sans gras, nature, sans sel ajouté","Yogourt (yogurt), fresh cheese-type (quark), fat free, plain, unsalted",64,11.23,3.49,0.239
yogourt grec nature,3/4 tasse,review,3,6596,0.617,"Barre granola, croquante, nature","Granola bar, crunchy, plain",480,9.013,64.3897,21.507
yogourt grec nature,3/4 tasse,review,4,6997,0.617,"Yogourt, garniture granola/céréales","Yogourt (yogurt), with crunchy granola/cereal topping",121,5.03,19.12,2.91
yogourt grec nature,3/4 tasse,review,5,4503,0.593,"Pâtes, fraîches-réfrigérées, nature, cuites","Pasta, fresh-refrigerated, plain, cooked",131,5.15,24.93,1.05
yogourt grec nature,3/4 tasse,review,6,4502,0.575,"Pâtes, fraîches-réfrigérées, nature, telles qu'achetées","Pasta, fresh-refrigerated, plain, as purchased",288,11.31,54.73,2.3
yogourt grec nature,3/4 tasse,review,7,1240,0.55,"Céréale, prête-à-manger, Croque Nature: original, Quaker","Cereal, ready to eat, Harvest Crunch: original, Quaker",459,9.52,69.71,17.04
yogourt grec nature,3/4 tasse,review,8,1335,0.527,"Céréale, prête-à-manger, Croque Nature: original, faible en gras, Quaker","Cereal, ready to eat, Harvest Crunch: Honey Nut, Light and Crisp, Quaker",431,9.41,75.1,11.36
yogourt grec,3/4 tasse,review,1,7469,1.733,"Yogourt, Grec, 2% M.G., nature","Yogourt (yogurt), Greek style, 2% M.F., plain",69,9.714,4,2
yogourt grec,3/4 tasse,review,2,6982,1.65,"Yogourt, Grec, riche, 8-12% M.G., nature","Yogourt (yogurt), Greek style, rich, 8-12% M.F., plain",172,6.6,10.63,11.72
yogourt grec,3/4 tasse,review,3,7471,1.65,"Yogourt, Grec, 2% M.G., saveur de fruits","Yogourt (yogurt), Greek style, 2% M.F., fruit flavoured",100,8,12,2
yogourt grec,3/4 tasse,review,4,6979,1.622,"Yogourt, Grec, sans gras, 0-0,5% M.G., nature","Yogourt (yogurt), Greek style, fat free, 0-0.5% M.F., plain",58,10.53,3.21,0.04
yogourt grec,3/4 tasse,review,5,7827,1.622,"Yogourt, Grec, 2% M.G., mélange de petits fruits","Yogourt (yogurt), Greek style, 2% M.F., mixed berry blend",93,8.26,10.94,1.83
yogourt grec,3/4 tasse,review,6,7828,1.622,"Yogourt, Grec, 2% M.G., mélange de noix de coco","Yogourt (yogurt), Greek style, 2% M.F., coconut blend",92,8.11,11.04,1.71
yogourt grec,3/4 tasse,review,7,6980,1.582,"Yogourt, Grec, sans gras, 0-0,5% M.G., saveur de fruits","Yogourt (yogurt), Greek style, fat free, 0-0.5% M.F., fruit flavoured",83,8.68,11.78,0.041
yogourt grec,3/4 tasse,review,8,6981,1.582,"Yogourt, Grec, sans gras, 0-0,5% M.G., saveur de vanille","Yogourt (yogurt), Greek style, fat free, 0-0.5% M.F., vanilla flavoured",79,10.15,9.17,0.04
yogourt nature,3/4 tasse,review,1,7910,0.783,"Crumpets, nature","Crumpets, plain",214.4178,6.296156412,45.627543588,0.747
yogourt nature,3/4 tasse,review,2,6995,0.672,"Yogourt, fromage frais (quark), sans gras, nature, sans sel ajouté","Yogourt (yogurt), fresh cheese-type (quark), fat free, plain, unsalted",64,11.23,3.49,0.239
yogourt nature,3/4 tasse,review,3,6987,0.667,"Yogourt, soya, nature","Yogourt (yogurt), soy, plain",68,3.72,9.78,1.65
yogourt nature,3/4 tasse,review,4,6596,0.65,"Barre granola, croquante, nature","Granola bar, crunchy, plain",480,9.013,64.3897,21.507
yogourt nature,3/4 tasse,review,5,6997,0.65,"Yogourt, garniture granola/céréales","Yogourt (yogurt), with crunchy granola/cereal topping",121,5.03,19.12,2.91
yogourt nature,3/4 tasse,review,6,4503,0.617,"Pâtes, fraîches-réfrigérées, nature, cuites","Pasta, fresh-refrigerated, plain, cooked",131,5.15,24.93,1.05
yogourt nature,3/4 tasse,review,7,4502,0.593,"Pâtes, fraîches-réfrigérées, nature, telles qu'achetées","Pasta, fresh-refrigerated, plain, as purchased",288,11.31,54.73,2.3
yogourt nature,3/4 tasse,review,8,1240,0.561,"Céréale, prête-à-manger, Croque Nature: original, Quaker","Cereal, ready to eat, Harvest Crunch: original, Quaker",459,9.52,69.71,17.04
yogourt aux fruits,3/4 tasse,review,1,1585,0.7,"Kiwi, cru","Kiwi fruit, raw",61,1.14,14.66,0.52
yogourt aux fruits,3/4 tasse,review,2,2054,0.7,"Chayotte, fruit, cru","Chayote, fruit, raw",19,0.82,4.51,0.13
yogourt aux fruits,3/4 tasse,review,3,1522,0.65,"Fruit à pain, cru","Breadfruit, raw",103,1.07,27.12,0.23
yogourt aux fruits,3/4 tasse,review,4,1523,0.65,"Carambole (fruit étoile), cru","Carambola (star fruit), raw",31,1.04,6.73,0.33
yogourt aux fruits,3/4 tasse,review,5,1630,0.65,"Grenadille (fruit de la passion), crue","Passion fruit, purple, raw",97,2.2,23.38,0.7
yogourt aux fruits,3/4 tasse,review,6,1997,0.65,"Margose, fruits, crus","Balsam-pear (bitter gourd, bitter melon), pods, raw",17,1,3.7,0.17
yogourt aux fruits,3/4 tasse,review,7,6790,0.65,"Kiwi doré, cru","Kiwi fruit, golden, raw",63,1.02,15.79,0.28
yogourt aux fruits,3/4 tasse,review,8,6997,0.617,"Yogourt, garniture granola/céréales","Yogourt (yogurt), with crunchy granola/cereal topping",121,5.03,19.12,2.91
fromage cottage,1 tasse,review,1,5562,1.9,"Fromage cottage, avec légumes","Cheese, cottage, with vegetables",95,10.9,3,4.2
fromage cottage,1 tasse,review,2,107,1.8,"Fromage cottage, 1% M.G.","Cheese, cottage, 1% M.F.",72,12.39,2.72,1.02
fromage cottage,1 tasse,review,3,120,1.8,"Fromage cottage, 2% M.G.","Cheese, cottage, 2% M.F.",81,10.45,4.76,2.27
fromage cottage,1 tasse,review,4,26,1.733,Fromage cottage en crème avec fruits,"Cheese, cottage, creamed with fruit",97,10.69,4.61,3.85
fromage cottage,1 tasse,review,5,5583,1.686,"Fromage cottage, 1% M.G., sans sel","Cheese, cottage, 1% M.F., unsalted",72,12.4,2.7,1
fromage cottage,1 tasse,review,6,25,1.65,"Fromage cottage en crème (4,5% M.G.)","Cheese, cottage, creamed (4.5% M.F.)",99,11.12,3.38,4.3
fromage cottage,1 tasse,review,7,27,1.65,"Fromage cottage sec pressé (0,4% M.G.)","Cheese, cottage, uncreamed, dry curd (0.4% M.F.)",72,10.34,6.66,0.29
fromage cottage,1 tasse,review,8,5498,1.65,"Fromage cottage, 1% M.G., réduit en lactose","Cheese, cottage, 1% M.F., lactose reduced",74,12.4,3.2,1
mozzarella,30 g,medium,1,6813,1.733,"Bâtonnets de fromage mozzarella, frits","Mozzarella sticks, fried",325,14.75,25.14,18.33
feta,30 g,review,1,108,0.3,Fromage féta,"Cheese, feta",270,16.77,0.37,22.461
fromage à la crème,2 c. à soupe,medium,1,4722,2.067,"Fromage à la crème, sans gras","Cheese, cream, fat free",105,15.69,7.66,1
fromage à la crème,2 c. à soupe,medium,2,28,0.921,"Fromage, produit de fromage à la crème, nature","Cheese, cream cheese product, plain",310,6.59,8.3,28.461
fromage à la crème,2 c. à soupe,medium,3,6786,0.921,"Trempette, base de fromage à la crème","Dip, cream cheese base",348,4.974,4.466,35.195
fromage à la crème,2 c. à soupe,medium,4,5563,0.85,"Fromage, produit de fromage à la crème, nature, léger","Cheese, cream cheese product, plain, light",196,8.61,7.64,14.714
fromage à la crème,2 c. à soupe,medium,5,5565,0.85,"Fromage, produit de fromage à la crème, arômatisé, salé","Cheese, cream cheese product, flavoured, savory",295,6.51,9.88,26.034
fromage à la crème,2 c. à soupe,medium,6,4376,0.794,"Glaçage, saveur de fromage à la crème, prêt-à-manger","Icing (frosting), cream cheese flavour, ready to eat",415,0.1,67.32,17.3
fromage à la crème,2 c. à soupe,medium,7,7819,0.794,"Fromage, produit de fromage à la crème, sans gras à 95%","Cheese, Cream Cheese Product, 95% fat free",133,13.33,6.67,3.33
fromage à la crème,2 c. à soupe,medium,8,22,0.783,Fromage carvi,"Cheese, caraway",376,25.18,3.06,29.2
crème sure,2 c. à soupe,review,1,5299,2.067,"Crème sure, légère","Cream, sour, light",85,4.69,8.88,3.44
crème sure,2 c. à soupe,review,2,5300,1.9,"Crème sure, sans gras","Cream, sour, fat free",74,3.1,15.6,0
crème sure,2 c. à soupe,review,3,139,1.686,"Crème sure, de culture, 14% M.G.","Cream, sour, cultured, 14% M.F",181,7,7,14.1
crème sure,2 c. à soupe,review,4,152,1.686,"Crème sure, de culture, 18% M.G.","Cream, sour, cultured, 18% M.F.",188,3.08732,4.2667,18
crème sure,2 c. à soupe,review,5,6787,0.75,"Trempette, aux épinards, à base de crème sure","Dip, spinach, sour cream base",250,3.482,6.908,23.907
crème sure,2 c. à soupe,review,6,1526,0.65,"Cerise sure, rouge, crue","Cherry, sour, red, raw",50,1,12.18,0.3
crème sure,2 c. à soupe,review,7,4118,0.636,"Grignotises, croustilles de pommes de terre, crème sure et oignon","Snacks, potato chips, sour cream and onion",531,8.1,51.5,33.9
crème sure,2 c. à soupe,review,8,6788,0.636,"Trempette, soupe à l'oignon déshydratée, à base de crème sure","Dip, dehydrated onion soup, sour cream base",190,7.038,11.539,13.025
crème glacée,1 tasse,medium,1,3913,1.686,"Crème glacée, cornet, type gâteau ou gaufrette","Ice cream cone, cake or wafer-type",417,8.1,79,6.9
crème glacée,1 tasse,medium,2,3914,1.453,"Crème glacée, cornet, sucre, type roulé","Ice cream cone, sugar, rolled-type",402,7.9,84.1,3.8
crème glacée,1 tasse,medium,3,4289,0.92,"Dessert, congelé, crème glacée, fraises","Dessert, frozen, ice cream, strawberry",192,3.2,27.6,8.4
crème glacée,1 tasse,medium,4,7202,0.742,"Dessert, congelé, crème glacée, barre ou pépites, enrobage croquant","Dessert, frozen, ice cream bar, stick or nugget, with crunch coating",358,2.11,37.12,25.26
crème glacée,1 tasse,medium,5,5872,0.6,"Agutuk, autochtone, poisson avec shortening (crème glacée alaskienne)","Agutuk, Indigenous, fish with shortening (Alaskan ice cream)",470,9,10.5,43.5
crème glacée,1 tasse,medium,6,5873,0.6,"Gibier, viande, autochtone, agutuk, viande de caribou (crème glacée alaskienne)","Game meat, Indigenous, agutuk, meat-caribou (Alaskan ice cream)",258,21.7,0.9,18.6
crème glacée,1 tasse,medium,7,2563,0.575,"Noix de coco, crème (liquide de la noix râpée), crue","Coconut cream (liquid from grated meat), raw",330,3.63,6.65,34.68
crème glacée,1 tasse,medium,8,4563,0.55,"Aliments prêts à manger, dessert, coupe glacée (sundae), fraises","Fast foods, dessert, sundae, strawberry",175,4.09,29.18,5.13
amandes,1/4 tasse,review,1,1337,0.35,"Céréale, prête-à-manger, Croque Nature: raisins secs et amandes, Quaker","Cereal, ready to eat, Harvest Crunch: Raisins and almonds, Quaker",460,8.41,69.97,16.25
amandes,1/4 tasse,review,2,1238,0.341,"Céréale, prête-à-manger, Selects: bleuets sauvages et amandes croquantes, Post","Cereal, ready to eat, Selects: Blueberry Almond Crunch, Post",324,9.4,74.8,4.2
amandes,1/4 tasse,review,3,1336,0.333,"Céréale, prête-à-manger, Croque Nature: raisins avec amandes, faible en gras, Quaker","Cereal, ready to eat, Harvest Crunch: Raisins with almonds, low fat, Quaker",435,8,74.77,11.53
noix de grenoble,1/4 tasse,high,1,2590,4,Noix de Grenoble,"Nuts, walnuts, English or Persian",655,15.23,13.71,65.21
noix de grenoble,1/4 tasse,high,2,7221,2.15,"Noix de Grenoble, givrées","Nuts, walnuts, glazed",500,8.28,47.59,35.71
noix de grenoble,1/4 tasse,high,3,7602,1.733,"Noix de Grenoble, écalées, rôties à sec, sel ajouté","Nuts, walnuts, shelled, dry roasted, with salt added",643,14.29,17.86,60.71
noix de grenoble,1/4 tasse,high,4,2558,0.85,"Noix de coco, crue","Coconut meat, raw",354,3.33,15.23,33.49
noix de grenoble,1/4 tasse,high,5,2571,0.783,"Noix, fruits de ginkgo, crues","Nuts, ginkgo nuts, raw",182,4.32,37.6,1.68
noix de grenoble,1/4 tasse,high,6,5709,0.736,"Noix, noix de cajou (acajous, anacardes), crues","Nuts, cashew nuts, raw",553,18.22,30.19,43.85
noix de grenoble,1/4 tasse,high,7,2563,0.672,"Noix de coco, crème (liquide de la noix râpée), crue","Coconut cream (liquid from grated meat), raw",330,3.63,6.65,34.68
noix de grenoble,1/4 tasse,high,8,2531,0.65,"Noix, glands, crus","Nuts, acorns, raw",387,6.15,40.75,23.86
noix de cajou,1/4 tasse,review,1,5709,1.3,"Noix, noix de cajou (acajous, anacardes), crues","Nuts, cashew nuts, raw",553,18.22,30.19,43.85
noix de cajou,1/4 tasse,review,2,2558,0.85,"Noix de coco, crue","Coconut meat, raw",354,3.33,15.23,33.49
noix de cajou,1/4 tasse,review,3,2571,0.783,"Noix, fruits de ginkgo, crues","Nuts, ginkgo nuts, raw",182,4.32,37.6,1.68
noix de cajou,1/4 tasse,review,4,2548,0.779,"Noix, beurre de noix de cajou (acajous, anacardes), nature","Nuts, cashew butter, plain",587,17.56,27.57,49.41
noix de cajou,1/4 tasse,review,5,2546,0.725,"Noix, noix de cajou (acajous, anacardes), rôties à sec","Nuts, cashew nuts, dry roasted",574,15.31,32.69,46.35
noix de cajou,1/4 tasse,review,6,2547,0.683,"Noix, noix de cajou (acajous, anacardes), rôties dans l'huile","Nuts, cashew nuts, oil roasted",580,16.84,29.87,47.77
noix de cajou,1/4 tasse,review,7,2629,0.683,"Noix, beurre de noix de cajou (acajous, anacardes), nature, sel ajouté","Nuts, cashew butter, plain, salt added",609,12.12,30.3,53.03
noix de cajou,1/4 tasse,review,8,2563,0.672,"Noix de coco, crème (liquide de la noix râpée), crue","Coconut cream (liquid from grated meat), raw",330,3.63,6.65,34.68
pistaches,1/4 tasse,review,1,2644,0.583,"Noix, pistaches, crues","Nuts, pistachio nuts, raw",560,20.16,27.17,45.32
pacanes,1/4 tasse,review,1,1239,0.333,"Céréale, prête-à-manger, Selects: dattes, raisins secs et pacanes croquantes, Post","Cereal, ready to eat, Selects: Date and Raisin Pecan Crunch, Post",320,8.9,75.9,3.4
pacanes,1/4 tasse,review,2,6837,0.327,"Céréale, prête-à-manger, Flax plus: pacanes croquantes à l'érable, Nature's Path","Cereal, ready to eat, Flax Plus: Maple Pecan Crunch, Nature's Path",397,11.15,68.33,11.91
arachides,1/4 tasse,review,1,3303,2.183,"Arachides, espagnoles, crues","Peanuts, Spanish, raw",570,26.15,15.83,49.6
arachides,1/4 tasse,review,2,3305,2.183,"Arachides, Valencia, crues","Peanuts, Valencia, raw",570,25.09,20.91,47.58
arachides,1/4 tasse,review,3,3307,2.183,"Arachides, Virginia, crues","Peanuts, Virginia, raw",563,25.19,16.54,48.75
arachides,1/4 tasse,review,4,3396,2.1,"Arachides, tous les types, crues","Peanuts, all types, raw",568,25.8,16.13,49.24
arachides,1/4 tasse,review,5,3363,1.65,"Arachides, espagnoles, rôties à l'huile","Peanuts, Spanish, oil-roasted",579,28.01,17.45,49.04
arachides,1/4 tasse,review,6,3364,1.65,"Arachides, Valencia, rôties à l'huile","Peanuts, Valencia, oil-roasted",589,27.04,16.3,51.24
arachides,1/4 tasse,review,7,3365,1.65,"Arachides, Virginia, rôties à l'huile","Peanuts, Virginia, oil-roasted",578,25.87,19.86,48.62
arachides,1/4 tasse,review,8,3310,1.6,"Arachides, farine, dégraissée, sel ajouté","Peanut flour, defatted, salt added",327,52.2,34.7,0.55
beurre d arachide,2 c. à soupe,review,1,6289,2.067,"Beurre d'arachides, naturel","Peanut butter, natural",585,23.68,21.51,49.66
beurre d arachide,2 c. à soupe,review,2,5509,1.9,"Beurre d'arachides, réduit en sodium","Peanut butter, reduced sodium",590,24,21.83,49.9
beurre d arachide,2 c. à soupe,review,3,5428,1.8,"Beurre d'arachides, crémeux, teneur réduite en gras","Peanut butter, smooth, reduced fat",520,25.9,35.65,34
beurre d arachide,2 c. à soupe,review,4,6220,1.62,"Beurre d'arachides, réduit en sucre","Peanut butter, reduced sugar",650,24.8,14.23,54.89
beurre d arachide,2 c. à soupe,review,5,3366,1.37,"Beurre d'arachides, croquant, gras et sucre ajoutés","Peanut butter, chunk type, fat and sugar added",589,24.06,21.57,49.94
beurre d arachide,2 c. à soupe,review,6,3414,1.37,"Beurre d'arachides, crémeux, gras et sucre ajoutés","Peanut butter, smooth type, fat and sugar added",589,22.21,22.31,51.36
beurre d arachide,2 c. à soupe,review,7,3309,1.342,"Beurre d'arachides, croquant, gras, sucre et sel ajoutés","Peanut butter, chunk type, fat, sugar and salt added",589,24.06,21.57,49.94
beurre d arachide,2 c. à soupe,review,8,3399,1.342,"Beurre d'arachides, crémeux, gras, sucre et sel ajoutés","Peanut butter, smooth type, fat, sugar and salt added",598,22.21,22.31,51.36
beurre d amande,2 c. à soupe,review,1,2605,0.85,"Noix, beurre d'amandes, nature","Nuts, almond butter, plain",614,20.96,18.82,55.5
beurre d amande,2 c. à soupe,review,2,2639,0.683,"Noix, beurre d'amandes, nature, sel ajouté","Nuts, almond butter, plain, salt added",614,20.96,18.82,55.5
beurre d amande,2 c. à soupe,review,3,7775,0.65,"Bonbons, tablettes, beurre d'arachide croquant enrobé de chocolat","Candies, bars, crunchy peanut butter coated with chocolate",482,8.78,62.68,23.98
beurre d amande,2 c. à soupe,review,4,2640,0.6,"Noix, beurre d'amandes, miel et cannelle, sel ajouté","Nuts, almond butter, honey and cinnamon, salt added",602,15.83,26.97,52.2
beurre d amande,2 c. à soupe,review,5,1691,0.593,"Melon d'eau (pasteque), cru","Watermelon, raw",30,0.61,7.55,0.15
beurre d amande,2 c. à soupe,review,6,2165,0.593,"Phytolaque d'Amérique, pousses, crues","Pokeberry shoots, raw",23,2.6,3.7,0.4
beurre d amande,2 c. à soupe,review,7,2203,0.593,"Algue, mousse d'Irlande, crue","Seaweed, irishmoss, raw",49,1.51,12.29,0.16
beurre d amande,2 c. à soupe,review,8,2218,0.593,"Courge d'été, musquée, crue","Squash, summer, crookneck, raw",19,1.01,3.88,0.27
graines de chia,2 c. à soupe,medium,1,2511,1.87,"Graines de chia, déshydratées","Seeds, chia seeds, dried",486,16.54,42.12,30.74
graines de chia,2 c. à soupe,medium,2,4213,0.736,"Bonbons, croquant aux graines de sesame","Candies, sesame crunch (crisp)",517,11.6,50.3,33.3
graines de chia,2 c. à soupe,medium,3,2507,0.7,"Graines, fruits à pain, graines, crues","Seeds, breadfruit seeds, raw",191,7.4,29.24,5.59
graines de chia,2 c. à soupe,medium,4,2509,0.7,"Graines, noix-pain (brosimum dicastrum), graines, crues","Seeds, breadnuttree seeds, raw",217,5.97,46.28,0.99
graines de chia,2 c. à soupe,medium,5,2615,0.7,"Graines, lotus, graines, crues","Seeds, lotus seeds, raw",89,4.13,17.28,0.53
graines de chia,2 c. à soupe,medium,6,173,0.65,"Épices, carvi, graines","Spices, caraway seed",333,19.77,49.9,14.59
graines de chia,2 c. à soupe,medium,7,1982,0.65,"Luzerne, graines germées, crues","Alfalfa seeds, sprouted, raw",23,3.99,2.1,0.69
graines de chia,2 c. à soupe,medium,8,1577,0.617,"Cerise de terre, crue","Groundcherry, raw",53,1.9,11.2,0.7
graines de lin,2 c. à soupe,review,1,4213,0.736,"Bonbons, croquant aux graines de sesame","Candies, sesame crunch (crisp)",517,11.6,50.3,33.3
graines de lin,2 c. à soupe,review,2,5497,0.725,"Huile végétale, graines de lin, pressées à froid","Vegetable oil, flaxseed (linseed), cold pressed",885,0.11,0,99.98
graines de lin,2 c. à soupe,review,3,7050,0.725,"Huile végétale, graines de lin, contient des morceaux de graines de lin","Vegetable oil, flaxseed, contains added sliced flaxseed",878,0.37,0.39,99.01
graines de lin,2 c. à soupe,review,4,2507,0.7,"Graines, fruits à pain, graines, crues","Seeds, breadfruit seeds, raw",191,7.4,29.24,5.59
graines de lin,2 c. à soupe,review,5,2509,0.7,"Graines, noix-pain (brosimum dicastrum), graines, crues","Seeds, breadnuttree seeds, raw",217,5.97,46.28,0.99
graines de lin,2 c. à soupe,review,6,2615,0.7,"Graines, lotus, graines, crues","Seeds, lotus seeds, raw",89,4.13,17.28,0.53
graines de lin,2 c. à soupe,review,7,173,0.65,"Épices, carvi, graines","Spices, caraway seed",333,19.77,49.9,14.59
graines de lin,2 c. à soupe,review,8,1982,0.65,"Luzerne, graines germées, crues","Alfalfa seeds, sprouted, raw",23,3.99,2.1,0.69
graines de tournesol,1/4 tasse,review,1,2529,0.75,"Graines, beurre de tournesol","Seeds, sunflower seed butter",617,17.28,23.32,55.2
graines de tournesol,1/4 tasse,review,2,4213,0.736,"Bonbons, croquant aux graines de sesame","Candies, sesame crunch (crisp)",517,11.6,50.3,33.3
graines de tournesol,1/4 tasse,review,3,2507,0.7,"Graines, fruits à pain, graines, crues","Seeds, breadfruit seeds, raw",191,7.4,29.24,5.59
graines de tournesol,1/4 tasse,review,4,2509,0.7,"Graines, noix-pain (brosimum dicastrum), graines, crues","Seeds, breadnuttree seeds, raw",217,5.97,46.28,0.99
graines de tournesol,1/4 tasse,review,5,2615,0.7,"Graines, lotus, graines, crues","Seeds, lotus seeds, raw",89,4.13,17.28,0.53
graines de tournesol,1/4 tasse,review,6,173,0.65,"Épices, carvi, graines","Spices, caraway seed",333,19.77,49.9,14.59
graines de tournesol,1/4 tasse,review,7,1982,0.65,"Luzerne, graines germées, crues","Alfalfa seeds, sprouted, raw",23,3.99,2.1,0.69
graines de tournesol,1/4 tasse,review,8,1577,0.617,"Cerise de terre, crue","Groundcherry, raw",53,1.9,11.2,0.7
graines de citrouille,1/4 tasse,review,1,1331,0.918,"Céréale, prête-à-manger, Flax plus: croustillantes avec graines de citrouilles et raisins, Nature's Path","Cereal, ready to eat, Flax Plus: Pumpkin Raisin Crunch, Nature's Path",381,10.36,71.75,7.61
graines de citrouille,1/4 tasse,review,2,2441,0.783,"Citrouille, crue","Pumpkin, raw",26,1,6.5,0.1
graines de citrouille,1/4 tasse,review,3,4213,0.736,"Bonbons, croquant aux graines de sesame","Candies, sesame crunch (crisp)",517,11.6,50.3,33.3
graines de citrouille,1/4 tasse,review,4,2188,0.7,"Citrouille, fleurs, crues","Pumpkin flowers, raw",15,1.03,3.28,0.07
graines de citrouille,1/4 tasse,review,5,2190,0.7,"Citrouille, feuilles, crues","Pumpkin leaves, raw",19,3.15,2.33,0.4
graines de citrouille,1/4 tasse,review,6,2507,0.7,"Graines, fruits à pain, graines, crues","Seeds, breadfruit seeds, raw",191,7.4,29.24,5.59
graines de citrouille,1/4 tasse,review,7,2509,0.7,"Graines, noix-pain (brosimum dicastrum), graines, crues","Seeds, breadnuttree seeds, raw",217,5.97,46.28,0.99
graines de citrouille,1/4 tasse,review,8,2615,0.7,"Graines, lotus, graines, crues","Seeds, lotus seeds, raw",89,4.13,17.28,0.53
houmous,1/2 tasse,review,1,3338,1.9,"Hoummos (hommos, hummus), fait maison","Hummus, homemade",177,4.86,20.12,8.59
houmous,1/2 tasse,review,2,4870,1.9,"Hoummos (hommos, hummus), commercial","Hummus, commercial",237,7.78,15,17.82
chips nature,28 g,review,1,7910,0.783,"Crumpets, nature","Crumpets, plain",214.4178,6.296156412,45.627543588,0.747
chips nature,28 g,review,2,6596,0.65,"Barre granola, croquante, nature","Granola bar, crunchy, plain",480,9.013,64.3897,21.507
chips nature,28 g,review,3,4087,0.636,"Grignotises, base de maïs, extrudé, croustilles, nature","Snacks, corn-based, extruded, chips, plain",539,6.17,57.27,33.36
chips nature,28 g,review,4,4503,0.617,"Pâtes, fraîches-réfrigérées, nature, cuites","Pasta, fresh-refrigerated, plain, cooked",131,5.15,24.93,1.05
chips nature,28 g,review,5,4502,0.593,"Pâtes, fraîches-réfrigérées, nature, telles qu'achetées","Pasta, fresh-refrigerated, plain, as purchased",288,11.31,54.73,2.3
chips nature,28 g,review,6,1240,0.561,"Céréale, prête-à-manger, Croque Nature: original, Quaker","Cereal, ready to eat, Harvest Crunch: original, Quaker",459,9.52,69.71,17.04
chips nature,28 g,review,7,6995,0.55,"Yogourt, fromage frais (quark), sans gras, nature, sans sel ajouté","Yogourt (yogurt), fresh cheese-type (quark), fat free, plain, unsalted",64,11.23,3.49,0.239
chips nature,28 g,review,8,1335,0.533,"Céréale, prête-à-manger, Croque Nature: original, faible en gras, Quaker","Cereal, ready to eat, Harvest Crunch: Honey Nut, Light and Crisp, Quaker",431,9.41,75.1,11.36
miss vickies,40 g,review,1,22,0.45,Fromage carvi,"Cheese, caraway",376,25.18,3.06,29.2
miss vickies,40 g,review,2,88,0.45,"Oeuf, canard, entier, frais, cru","Egg, duck, whole, fresh, raw",186,12.81,1.45,13.77
miss vickies,40 g,review,3,89,0.45,"Oeuf, oie, entier, frais, cru","Egg, goose, whole, fresh, raw",185,13.87,1.35,13.27
miss vickies,40 g,review,4,90,0.45,"Oeuf, caille, entier, frais, cru","Egg, quail, whole, fresh, raw",159,13.05,0.41,11.09
miss vickies,40 g,review,5,91,0.45,"Oeuf, dinde, entier, frais, cru","Egg, turkey, whole, fresh, raw",171,13.68,1.15,11.88
miss vickies,40 g,review,6,173,0.45,"Épices, carvi, graines","Spices, caraway seed",333,19.77,49.9,14.59
miss vickies,40 g,review,7,212,0.45,"Épices, basilic, frais","Spices, basil, fresh",22,3.15,2.65,0.64
miss vickies,40 g,review,8,213,0.45,"Épices, aneth, frais","Spices, dill weed, fresh",43,3.46,7.02,1.12
kettle chips,28 g,review,1,22,0.45,Fromage carvi,"Cheese, caraway",376,25.18,3.06,29.2
kettle chips,28 g,review,2,88,0.45,"Oeuf, canard, entier, frais, cru","Egg, duck, whole, fresh, raw",186,12.81,1.45,13.77
kettle chips,28 g,review,3,89,0.45,"Oeuf, oie, entier, frais, cru","Egg, goose, whole, fresh, raw",185,13.87,1.35,13.27
kettle chips,28 g,review,4,90,0.45,"Oeuf, caille, entier, frais, cru","Egg, quail, whole, fresh, raw",159,13.05,0.41,11.09
kettle chips,28 g,review,5,91,0.45,"Oeuf, dinde, entier, frais, cru","Egg, turkey, whole, fresh, raw",171,13.68,1.15,11.88
kettle chips,28 g,review,6,173,0.45,"Épices, carvi, graines","Spices, caraway seed",333,19.77,49.9,14.59
kettle chips,28 g,review,7,212,0.45,"Épices, basilic, frais","Spices, basil, fresh",22,3.15,2.65,0.64
kettle chips,28 g,review,8,213,0.45,"Épices, aneth, frais","Spices, dill weed, fresh",43,3.46,7.02,1.12
sun chips,28 g,review,1,22,0.45,Fromage carvi,"Cheese, caraway",376,25.18,3.06,29.2
sun chips,28 g,review,2,88,0.45,"Oeuf, canard, entier, frais, cru","Egg, duck, whole, fresh, raw",186,12.81,1.45,13.77
sun chips,28 g,review,3,89,0.45,"Oeuf, oie, entier, frais, cru","Egg, goose, whole, fresh, raw",185,13.87,1.35,13.27
sun chips,28 g,review,4,90,0.45,"Oeuf, caille, entier, frais, cru","Egg, quail, whole, fresh, raw",159,13.05,0.41,11.09
sun chips,28 g,review,5,91,0.45,"Oeuf, dinde, entier, frais, cru","Egg, turkey, whole, fresh, raw",171,13.68,1.15,11.88
sun chips,28 g,review,6,173,0.45,"Épices, carvi, graines","Spices, caraway seed",333,19.77,49.9,14.59
sun chips,28 g,review,7,212,0.45,"Épices, basilic, frais","Spices, basil, fresh",22,3.15,2.65,0.64
sun chips,28 g,review,8,213,0.45,"Épices, aneth, frais","Spices, dill weed, fresh",43,3.46,7.02,1.12
popcorn au beurre,3 tasses,review,1,3080,0.541,"Poisson, thon rouge, frais, cuit au four ou grillé","Fish, tuna, bluefin, fresh, baked or broiled",184,29.91,0,6.28
popcorn au beurre,3 tasses,review,2,5455,0.541,"Pâtes, fraîches-réfrigérées, tortellinis au fromage, tel qu'acheté","Pasta, fresh-refrigerated, tortellini with cheese filling, as purchased",307,13.5,47,7.23
popcorn au beurre,3 tasses,review,3,7361,0.541,"Saucisse, épicée au boeuf et poivrons rouges rôtis, crue","Sausage, spicy beef and roasted red pepper, raw",283,12.35,8.64,21.83
popcorn au beurre,3 tasses,review,4,7775,0.541,"Bonbons, tablettes, beurre d'arachide croquant enrobé de chocolat","Candies, bars, crunchy peanut butter coated with chocolate",482,8.78,62.68,23.98
popcorn au beurre,3 tasses,review,5,1486,0.527,"Pomme, crue, sans pelure, tranchée, cuite au four à micro-ondes","Apple, raw, without skin, sliced, cooked, microwaved",56,0.28,14.41,0.42
popcorn au beurre,3 tasses,review,6,2608,0.527,"Graines, beurre de sésame, tahini, graines crues et moulues à la pierre","Seeds, sesame butter, tahini, from raw and stone ground kernels",570,17.81,26.19,48
popcorn au beurre,3 tasses,review,7,6791,0.527,"Haricots (italiens, jaunes ou verts), frais, cuits au four micro-ondes","Beans, snap (Italian, green or yellow), fresh, microwaved",33,2.31,6.41,0.5
popcorn au beurre,3 tasses,review,8,22,0.45,Fromage carvi,"Cheese, caraway",376,25.18,3.06,29.2
popcorn nature,3 tasses,review,1,7910,0.783,"Crumpets, nature","Crumpets, plain",214.4178,6.296156412,45.627543588,0.747
popcorn nature,3 tasses,review,2,6596,0.65,"Barre granola, croquante, nature","Granola bar, crunchy, plain",480,9.013,64.3897,21.507
popcorn nature,3 tasses,review,3,4503,0.617,"Pâtes, fraîches-réfrigérées, nature, cuites","Pasta, fresh-refrigerated, plain, cooked",131,5.15,24.93,1.05
popcorn nature,3 tasses,review,4,4502,0.593,"Pâtes, fraîches-réfrigérées, nature, telles qu'achetées","Pasta, fresh-refrigerated, plain, as purchased",288,11.31,54.73,2.3
popcorn nature,3 tasses,review,5,1240,0.561,"Céréale, prête-à-manger, Croque Nature: original, Quaker","Cereal, ready to eat, Harvest Crunch: original, Quaker",459,9.52,69.71,17.04
popcorn nature,3 tasses,review,6,6995,0.55,"Yogourt, fromage frais (quark), sans gras, nature, sans sel ajouté","Yogourt (yogurt), fresh cheese-type (quark), fat free, plain, unsalted",64,11.23,3.49,0.239
popcorn nature,3 tasses,review,7,1335,0.533,"Céréale, prête-à-manger, Croque Nature: original, faible en gras, Quaker","Cereal, ready to eat, Harvest Crunch: Honey Nut, Light and Crisp, Quaker",431,9.41,75.1,11.36
popcorn nature,3 tasses,review,8,1337,0.533,"Céréale, prête-à-manger, Croque Nature: raisins secs et amandes, Quaker","Cereal, ready to eat, Harvest Crunch: Raisins and almonds, Quaker",460,8.41,69.97,16.25
crackers ritz,6 craquelins,review,1,22,0.45,Fromage carvi,"Cheese, caraway",376,25.18,3.06,29.2
crackers ritz,6 craquelins,review,2,88,0.45,"Oeuf, canard, entier, frais, cru","Egg, duck, whole, fresh, raw",186,12.81,1.45,13.77
crackers ritz,6 craquelins,review,3,89,0.45,"Oeuf, oie, entier, frais, cru","Egg, goose, whole, fresh, raw",185,13.87,1.35,13.27
crackers ritz,6 craquelins,review,4,90,0.45,"Oeuf, caille, entier, frais, cru","Egg, quail, whole, fresh, raw",159,13.05,0.41,11.09
crackers ritz,6 craquelins,review,5,91,0.45,"Oeuf, dinde, entier, frais, cru","Egg, turkey, whole, fresh, raw",171,13.68,1.15,11.88
crackers ritz,6 craquelins,review,6,173,0.45,"Épices, carvi, graines","Spices, caraway seed",333,19.77,49.9,14.59
crackers ritz,6 craquelins,review,7,212,0.45,"Épices, basilic, frais","Spices, basil, fresh",22,3.15,2.65,0.64
crackers ritz,6 craquelins,review,8,213,0.45,"Épices, aneth, frais","Spices, dill weed, fresh",43,3.46,7.02,1.12
wheat thins,16 craquelins,review,1,4442,0.65,"Grains céréaliers, son de blé, brut","Grains, wheat bran, crude",216,15.55,64.51,4.25
wheat thins,16 craquelins,review,2,4443,0.65,"Grains céréaliers, germe de blé, brut","Grains, wheat germ, crude",360,23.15,51.8,9.72
wheat thins,16 craquelins,review,3,22,0.45,Fromage carvi,"Cheese, caraway",376,25.18,3.06,29.2
wheat thins,16 craquelins,review,4,88,0.45,"Oeuf, canard, entier, frais, cru","Egg, duck, whole, fresh, raw",186,12.81,1.45,13.77
wheat thins,16 craquelins,review,5,89,0.45,"Oeuf, oie, entier, frais, cru","Egg, goose, whole, fresh, raw",185,13.87,1.35,13.27
wheat thins,16 craquelins,review,6,90,0.45,"Oeuf, caille, entier, frais, cru","Egg, quail, whole, fresh, raw",159,13.05,0.41,11.09
wheat thins,16 craquelins,review,7,91,0.45,"Oeuf, dinde, entier, frais, cru","Egg, turkey, whole, fresh, raw",171,13.68,1.15,11.88
wheat thins,16 craquelins,review,8,173,0.45,"Épices, carvi, graines","Spices, caraway seed",333,19.77,49.9,14.59
craquelins salés,5 craquelins,review,1,22,0.45,Fromage carvi,"Cheese, caraway",376,25.18,3.06,29.2
craquelins salés,5 craquelins,review,2,88,0.45,"Oeuf, canard, entier, frais, cru","Egg, duck, whole, fresh, raw",186,12.81,1.45,13.77
craquelins salés,5 craquelins,review,3,89,0.45,"Oeuf, oie, entier, frais, cru","Egg, goose, whole, fresh, raw",185,13.87,1.35,13.27
craquelins salés,5 craquelins,review,4,90,0.45,"Oeuf, caille, entier, frais, cru","Egg, quail, whole, fresh, raw",159,13.05,0.41,11.09
craquelins salés,5 craquelins,review,5,91,0.45,"Oeuf, dinde, entier, frais, cru","Egg, turkey, whole, fresh, raw",171,13.68,1.15,11.88
craquelins salés,5 craquelins,review,6,173,0.45,"Épices, carvi, graines","Spices, caraway seed",333,19.77,49.9,14.59
craquelins salés,5 craquelins,review,7,212,0.45,"Épices, basilic, frais","Spices, basil, fresh",22,3.15,2.65,0.64
craquelins salés,5 craquelins,review,8,213,0.45,"Épices, aneth, frais","Spices, dill weed, fresh",43,3.46,7.02,1.12
barre granola,1 barre,medium,1,6596,2.35,"Barre granola, croquante, nature","Granola bar, crunchy, plain",480,9.013,64.3897,21.507
barre granola,1 barre,medium,2,6597,2.136,"Barre granola, croquante, fruits et/ou noix","Granola bar, crunchy, fruit and/or nut",471,8.8817,65.147,20.888
barre granola,1 barre,medium,3,6601,1.8,"Barre granola, tendre, grains de chocolat","Granola bar, chewy, chocolate chip",397,5.2917,72.1539,13.396
barre granola,1 barre,medium,4,6603,1.8,"Barre granola, tendre, faible en gras","Granola bar, chewy, low fat",371,6.37,74.66,8.67
barre granola,1 barre,medium,5,6595,1.686,"Barre granola/céréales, farcie aux fruits, toutes saveurs","Granola bar, cereal bar, fruit-filled, all flavours",386,3.209,63.931,14.127
barre granola,1 barre,medium,6,6600,1.686,"Barre granola, tendre, enrobée de chocolat, toutes saveurs","Granola bar, chewy, chocolate coated, all flavours",425,4.796,69.4203,18.397
barre granola,1 barre,medium,7,6602,1.686,"Barre granola, tendre, fruits et/ou noix","Granola bar, chewy, fruit and/or nut",406,7.876,69.94,11.72
barre granola,1 barre,medium,8,6599,1.65,"Barre granola, tendre, saveurs de fruits, enrobée de yogourt","Granola bar, chewy, fruit flavour, yogourt (yogurt) coated",401,4.984,72.322,14.305
barre protéinée,1 barre,review,1,6596,0.65,"Barre granola, croquante, nature","Granola bar, crunchy, plain",480,9.013,64.3897,21.507
barre protéinée,1 barre,review,2,2987,0.617,"Poisson, bar, d'Amérique, cru","Fish, bass, striped, raw",97,17.73,0,2.33
barre protéinée,1 barre,review,3,3024,0.593,"Poisson, thazard barré (maquereau roi), cru","Fish, mackerel, king, raw",105,20.28,0,2
barre protéinée,1 barre,review,4,3056,0.575,"Poisson, bar commun (serran), espèces diverses, crues","Fish, sea bass, mixed species, raw",97,18.43,0,2
barre protéinée,1 barre,review,5,5618,0.575,"Barre de petit déjeuner, croûte de flocons de maïs avec fruits","Breakfast bar, corn flake crust with fruit",376,4.4,72.8,7.5
barre protéinée,1 barre,review,6,6597,0.575,"Barre granola, croquante, fruits et/ou noix","Granola bar, crunchy, fruit and/or nut",471,8.8817,65.147,20.888
barre protéinée,1 barre,review,7,2986,0.561,"Poisson, bar, d'eau douce, espèces diverses, crues","Fish, bass, fresh water, mixed species, raw",114,18.86,0,3.69
barre protéinée,1 barre,review,8,22,0.45,Fromage carvi,"Cheese, caraway",376,25.18,3.06,29.2
galettes de riz,2 galettes,review,1,4124,0.85,"Grignotises, galettes de riz brun, nature","Snacks, rice cakes, brown rice, plain",387,8.2,81.5,2.8
galettes de riz,2 galettes,review,2,4125,0.85,"Grignotises, galettes de riz brun, sarrasin","Snacks, rice cakes, brown rice, buckwheat",380,9,80.1,3.5
galettes de riz,2 galettes,review,3,4362,0.85,"Grignotises, galettes de riz brun, maïs","Snacks, rice cakes, brown rice, corn",385,8.4,81.2,3.2
galettes de riz,2 galettes,review,4,4363,0.85,"Grignotises, galettes de riz brun, multigrains","Snacks, rice cakes, brown rice, multigrain",387,8.5,80.1,3.5
galettes de riz,2 galettes,review,5,4365,0.85,"Grignotises, galettes de riz brun, seigle","Snacks, rice cakes, brown rice, rye",386,8.1,79.9,3.8
galettes de riz,2 galettes,review,6,4126,0.779,"Grignotises, galettes de riz brun, graines de sésame","Snacks, rice cakes, brown rice, sesame seed",392,7.6,81.5,3.8
galettes de riz,2 galettes,review,7,4428,0.736,"Grains céréaliers, son de riz, brut","Grains, rice bran, crude",316,13.35,49.69,20.85
galettes de riz,2 galettes,review,8,4387,0.725,"Grignotises, galettes de riz brun, nature, sans sel","Snacks, rice cakes, brown rice, plain, unsalted",387,8.2,81.5,2.8
mélange du randonneur,1/3 tasse,review,1,4130,0.85,"Grignotises, mélange montagnard, régulier","Snacks, trail mix, regular",462,13.8,44.9,29.4
mélange du randonneur,1/3 tasse,review,2,4132,0.85,"Grignotises, mélange montagnard, tropical","Snacks, trail mix, tropical",442,6.3,65.6,17.1
mélange du randonneur,1/3 tasse,review,3,4392,0.75,"Grignotises, mélange montagnard, régulier, non salé","Snacks, trail mix, regular, unsalted",462,13.8,44.9,29.4
mélange du randonneur,1/3 tasse,review,4,1601,0.617,"Nèfle du japon, cru","Loquat, raw",47,0.43,12.14,0.2
mélange du randonneur,1/3 tasse,review,5,4393,0.6,"Grignotises, mélange montagnard, régulier avec grains de chocolat, sans sel","Snacks, trail mix, regular with chocolate chips, unsalted",484,14.2,44.9,31.9
mélange du randonneur,1/3 tasse,review,6,3645,0.575,"Gibier, viande, phoque du groenland, cru","Game meat, seal, harp, raw",113,23.8,0,1.3
mélange du randonneur,1/3 tasse,review,7,3968,0.575,"Croûte de tarte, type ordinaire, mélange sec, non préparé","Pie crust, standard-type, dry mix, unprepared",518,6.9,52.1,31.4
mélange du randonneur,1/3 tasse,review,8,5934,0.575,"Tétras du Canada, autochtone, viande, crue","Spruce grouse, Indigenous, meat, raw",109,24,0,1
chocolat noir,30 g,review,1,6673,0.75,"Bonbons, chocolat noir, non spécifié","Candies, chocolate, dark, not further specified",550,5.09,59.97,32.2
chocolat noir,30 g,review,2,5438,0.683,"Bonbons, grain de café, enrobé de chocolat noir","Candies, dark chocolate coated coffee beans",540,7.5,59.95,30
chocolat noir,30 g,review,3,1541,0.65,"Cassis, noir européen, cru","Currant, european black, raw",63,1.4,15.38,0.41
chocolat noir,30 g,review,4,3235,0.65,"Poisson, doré noir, cru","Fish, sauger (yellow walleye), raw",83,17.1,0,1.1
chocolat noir,30 g,review,5,594,0.617,"Poulet à griller, viande brune, crue","Chicken, broiler, dark meat, raw",125,20.08,0,4.31
chocolat noir,30 g,review,6,3013,0.617,"Poisson, flétan, Groenland (flétan noir), cru","Fish, halibut, Greenland (turbot), raw",186,14.37,0,13.84
chocolat noir,30 g,review,7,6670,0.6,"Bonbons, chocolat noir, 45-59% solides de cacao","Candies, chocolate, dark, 45-59% cocoa solids",546,4.88,61.17,31.28
chocolat noir,30 g,review,8,6671,0.6,"Bonbons, chocolat noir, 60-69% solides de cacao","Candies, chocolate, dark, 60-69% cocoa solids",579,6.12,52.42,38.31
chocolat au lait,30 g,review,1,4190,0.779,"Bonbons, arachides, enrobées de chocolat au lait","Candies, milk chocolate coated peanuts",519,13.1,49.7,33.5
chocolat au lait,30 g,review,2,5743,0.779,"Bonbons, chocolat au lait avec amandes, bouchées","Candies, milk chocolate with almond bites",568,9.76,51.72,35.73
chocolat au lait,30 g,review,3,7780,0.779,"Bonbons, tablettes, chocolat au lait avec amandes","Candies, bars, milk chocolate with almonds",577,12.82,44.89,38.46
chocolat au lait,30 g,review,4,4191,0.75,"Bonbons, raisins secs, enrobés de chocolat au lait","Candies, milk chocolate coated raisins",390,4.1,68.4,14.8
chocolat au lait,30 g,review,5,4186,0.725,"Bonbons, tablettes / grains (pépites), chocolat au lait, nature","Candies, bars / chips, milk chocolate, plain",535,7.65,59.4,29.66
chocolat au lait,30 g,review,6,4211,0.725,"Bonbons, Rolo Caramels, enrobés de chocolat au lait","Candies, Rolo Caramels in milk chocolate",474,5.08,67.95,20.93
chocolat au lait,30 g,review,7,4831,0.725,"Confiseries, chocolat à cuisson, chocolat au lait, petites brisures","Sweets, baking chocolate, milk chocolate, mini bits",503,4.78,68.4,23.36
chocolat au lait,30 g,review,8,5439,0.725,"Bonbons, fève de café, enrobé de chocolat au lait","Candies, milk chocolate coated coffee beans",549,7.41,55.25,33.18
kitkat,1 barre,review,1,4177,0.85,"Bonbons, tablettes, Kit Kat","Candies, bars, Kit Kat wafer bar",519,6.51,64.59,25.99
kitkat,1 barre,review,2,5434,0.75,"Bonbons, tablettes, Kit Kat Grand Kat","Candies, bars, Kit Kat Big Kat",520,6.24,63.64,27.84
kitkat,1 barre,review,3,22,0.45,Fromage carvi,"Cheese, caraway",376,25.18,3.06,29.2
kitkat,1 barre,review,4,88,0.45,"Oeuf, canard, entier, frais, cru","Egg, duck, whole, fresh, raw",186,12.81,1.45,13.77
kitkat,1 barre,review,5,89,0.45,"Oeuf, oie, entier, frais, cru","Egg, goose, whole, fresh, raw",185,13.87,1.35,13.27
kitkat,1 barre,review,6,90,0.45,"Oeuf, caille, entier, frais, cru","Egg, quail, whole, fresh, raw",159,13.05,0.41,11.09
kitkat,1 barre,review,7,91,0.45,"Oeuf, dinde, entier, frais, cru","Egg, turkey, whole, fresh, raw",171,13.68,1.15,11.88
kitkat,1 barre,review,8,173,0.45,"Épices, carvi, graines","Spices, caraway seed",333,19.77,49.9,14.59
mars bar,1 barre,review,1,6596,0.65,"Barre granola, croquante, nature","Granola bar, crunchy, plain",480,9.013,64.3897,21.507
mars bar,1 barre,review,2,2987,0.617,"Poisson, bar, d'Amérique, cru","Fish, bass, striped, raw",97,17.73,0,2.33
mars bar,1 barre,review,3,3024,0.593,"Poisson, thazard barré (maquereau roi), cru","Fish, mackerel, king, raw",105,20.28,0,2
mars bar,1 barre,review,4,3056,0.575,"Poisson, bar commun (serran), espèces diverses, crues","Fish, sea bass, mixed species, raw",97,18.43,0,2
mars bar,1 barre,review,5,5618,0.575,"Barre de petit déjeuner, croûte de flocons de maïs avec fruits","Breakfast bar, corn flake crust with fruit",376,4.4,72.8,7.5
mars bar,1 barre,review,6,6597,0.575,"Barre granola, croquante, fruits et/ou noix","Granola bar, crunchy, fruit and/or nut",471,8.8817,65.147,20.888
mars bar,1 barre,review,7,2986,0.561,"Poisson, bar, d'eau douce, espèces diverses, crues","Fish, bass, fresh water, mixed species, raw",114,18.86,0,3.69
mars bar,1 barre,review,8,22,0.45,Fromage carvi,"Cheese, caraway",376,25.18,3.06,29.2
m&m,1 sachet,review,1,778,0.8,"Dindon, jeune, viande et peau, cru","Turkey, tom, meat and skin, raw",139,20.979,0,5.552
m&m,1 sachet,review,2,780,0.8,"Dindon, jeune, viande seulement, cru","Turkey, tom, meat only, raw",117,21.536,0,2.794
m&m,1 sachet,review,3,3109,0.8,"Mollusques, mye (palourde), espèces diverses, crues","Mollusks, clam, mixed species, raw",86,14.67,3.57,0.96
m&m,1 sachet,review,4,6219,0.8,"Champignon, Maitake, cru","Mushroom, Maitake, raw",37,1.94,6.81,0.19
m&m,1 sachet,review,5,6929,0.8,"Champignon, morille, cru","Mushroom, morel, raw",31,3.12,5.1,0.57
m&m,1 sachet,review,6,7721,0.632,"Lait, liquide, saveurs autres que chocolat et fraise, 1% M.G.","Milk, fluid, flavours not chocolate or strawberry, 1% M.G.",61,3.34,8.06,1.818
m&m,1 sachet,review,7,674,0.617,"Pintade, viande et peau, crues","Guinea, meat and skin, raw",158,23.4,0,6.45
m&m,1 sachet,review,8,676,0.617,"Faisan, viande et peau, crues","Pheasant, meat and skin, raw",181,22.7,0,9.29
chips ahoy,3 biscuits,review,1,22,0.45,Fromage carvi,"Cheese, caraway",376,25.18,3.06,29.2
chips ahoy,3 biscuits,review,2,88,0.45,"Oeuf, canard, entier, frais, cru","Egg, duck, whole, fresh, raw",186,12.81,1.45,13.77
chips ahoy,3 biscuits,review,3,89,0.45,"Oeuf, oie, entier, frais, cru","Egg, goose, whole, fresh, raw",185,13.87,1.35,13.27
chips ahoy,3 biscuits,review,4,90,0.45,"Oeuf, caille, entier, frais, cru","Egg, quail, whole, fresh, raw",159,13.05,0.41,11.09
chips ahoy,3 biscuits,review,5,91,0.45,"Oeuf, dinde, entier, frais, cru","Egg, turkey, whole, fresh, raw",171,13.68,1.15,11.88
chips ahoy,3 biscuits,review,6,173,0.45,"Épices, carvi, graines","Spices, caraway seed",333,19.77,49.9,14.59
chips ahoy,3 biscuits,review,7,212,0.45,"Épices, basilic, frais","Spices, basil, fresh",22,3.15,2.65,0.64
chips ahoy,3 biscuits,review,8,213,0.45,"Épices, aneth, frais","Spices, dill weed, fresh",43,3.46,7.02,1.12
biscuit aux pépites,2 biscuits,review,1,6669,0.672,"Croûte de tarte, type biscuit, chocolat, prête à servir","Pie crust, cookie-type, chocolate, ready-to-serve",484,6.08,64.48,22.42
biscuit aux pépites,2 biscuits,review,2,3816,0.6,"Biscuit, grains de chocolat, pâte réfrigérée","Cookie, chocolate chip, refrigerated dough",451,3.98,61.02,21.33
biscuit aux pépites,2 biscuits,review,3,7845,0.6,"Biscuit, avoine, grains de chocolat, commercial","Cookie, oatmeal, chocolate chip, commercial",472.504909375,5.70591,69.165447482,19.224386605
biscuit aux pépites,2 biscuits,review,4,4213,0.575,"Bonbons, croquant aux graines de sesame","Candies, sesame crunch (crisp)",517,11.6,50.3,33.3
biscuit aux pépites,2 biscuits,review,5,3233,0.561,"Poisson, laquaiche aux yeux d'or, crues","Fish, goldeye, raw",131,16.3,0,6.8
biscuit aux pépites,2 biscuits,review,6,4031,0.55,"Croûte de tarte, type biscuit, graham, faite maison, réfrigérée","Pie crust, cookie-type, graham cracker, homemade, chilled",484,4.1,63.9,24.4
biscuit aux pépites,2 biscuits,review,7,4033,0.55,"Croûte de tarte, type biscuit, vanille, faite maison, réfrigérée","Pie crust, cookie-type, vanilla wafer, homemade, chilled",531,3.7,50.2,36.2
biscuit aux pépites,2 biscuits,review,8,7775,0.55,"Bonbons, tablettes, beurre d'arachide croquant enrobé de chocolat","Candies, bars, crunchy peanut butter coated with chocolate",482,8.78,62.68,23.98
beigne,1 moyen,medium,1,3895,2.183,"Beigne, roussette, givré","Doughnut (donut), French cruller, glazed",412,3.1,59.5,18.3
beigne,1 moyen,medium,2,3897,1.65,"Beigne, levure (miel), givré","Doughnut (donut), yeast-leavened (honey bun), glazed",421,6.14,47.93,22.7
beigne,1 moyen,medium,3,3898,1.6,"Beigne, levure, fourré de gelée","Doughnut (donut), yeast-leavened, with jelly filling",340,5.9,39,18.7
beigne,1 moyen,medium,4,3896,1.567,"Beigne, levure, fourré à la crème","Doughnut (donut), yeast-leavened, with cream filling",361,6.4,30,24.5
beigne,1 moyen,medium,5,3892,1.511,"Beigne, type gâteau, nature, enrobé de chocolat ou glacé","Doughnut (donut), cake-type, plain, chocolate coated or iced",452,4.93,51.33,25.25
beigne,1 moyen,medium,6,3893,1.245,"Beigne, type gâteau, nature, enrobé de sucre (givré)","Doughnut (donut), cake-type, plain, sugared or glazed",426,5.2,50.8,22.9
beigne,1 moyen,medium,7,4054,1.231,"Beigne, type gâteau, chocolat, enrobé de sucre ou givré","Doughnut (donut), cake-type, chocolate, sugared or glazed",417,4.5,57.4,19.9
beigne,1 moyen,medium,8,3891,1.22,"Beigne, type gâteau, nature (inclus non sucré, à l'ancienne)","Doughnut (donut), cake-type, plain (includes unsugared, old-fashioned)",434,5.31,47.06,24.93
muffin,1 gros,review,1,3906,1.733,"Muffin anglais, blé","English muffin, wheat",223,8.7,44.8,2
muffin,1 gros,review,2,3916,1.733,"Muffin, bleuets, commercial","Muffin, blueberry, commercial",375,4.49,53,16.07
muffin,1 gros,review,3,3921,1.733,"Muffin, semoule de maïs, commercial","Muffin, corn, commercial",305,5.9,51,8.4
muffin,1 gros,review,4,6631,1.733,"Muffin, carottes, commercial","Muffin, carrot, commercial",305,5.934,43.849,12.023
muffin,1 gros,review,5,3904,1.65,"Muffin anglais, raisins secs-cannelle","English muffin, raisin-cinnamon",232.091,8.031132637,46.704367363,1.461
muffin,1 gros,review,6,3907,1.65,"Muffin anglais, blé, grillé","English muffin, wheat, toasted",243,9.4,48.7,2.1
muffin,1 gros,review,7,3919,1.65,"Muffin, bleuets, type grille-pain","Muffin, blueberry, toaster-type",313,4.6,53.3,9.5
muffin,1 gros,review,8,3923,1.65,"Muffin, semoule de maïs, type grille-pain","Muffin, corn, toaster type",346,5.3,57.9,11.3
gâteau au chocolat,1 pointe,review,1,3762,0.575,"Gâteau, gâteau pause-café, cannelle avec garniture de miettes, commercial","Cake, coffee cake, cinnamon with crumb topping, commercial",418,6.8,46.7,23.3
gâteau au chocolat,1 pointe,review,2,6669,0.561,"Croûte de tarte, type biscuit, chocolat, prête à servir","Pie crust, cookie-type, chocolate, ready-to-serve",484,6.08,64.48,22.42
gâteau au chocolat,1 pointe,review,3,7775,0.561,"Bonbons, tablettes, beurre d'arachide croquant enrobé de chocolat","Candies, bars, crunchy peanut butter coated with chocolate",482,8.78,62.68,23.98
gâteau au chocolat,1 pointe,review,4,3764,0.55,"Mélange à gâteau, gâteau pause-café, cannelle avec garniture de miettes, sec, non préparé","Cake mix, coffee, cinnamon with crumb topping, dry, unprepared",436,4.8,77.7,12
gâteau au chocolat,1 pointe,review,5,3765,0.55,"Gâteau, gâteau pause-café, cannelle, garniture de miettes, mélange sec, préparé","Cake, coffee cake, cinnamon with crumb topping, dry mix, prepared",318,5.5,52.8,9.6
gâteau au chocolat,1 pointe,review,6,3080,0.541,"Poisson, thon rouge, frais, cuit au four ou grillé","Fish, tuna, bluefin, fresh, baked or broiled",184,29.91,0,6.28
gâteau au chocolat,1 pointe,review,7,5455,0.541,"Pâtes, fraîches-réfrigérées, tortellinis au fromage, tel qu'acheté","Pasta, fresh-refrigerated, tortellini with cheese filling, as purchased",307,13.5,47,7.23
gâteau au chocolat,1 pointe,review,8,7361,0.541,"Saucisse, épicée au boeuf et poivrons rouges rôtis, crue","Sausage, spicy beef and roasted red pepper, raw",283,12.35,8.64,21.83
gâteau au fromage,1 pointe,medium,1,3800,2.15,"Gâteau, au fromage, commercial","Cheesecake, commercial",321,5.5,25.5,22.5
gâteau au fromage,1 pointe,medium,2,3801,1.775,"Gâteau, au fromage, préparation, type sans cuisson, préparé","Cheesecake, prepared from mix, no bake type",274,5.5,35.5,12.7
gâteau au fromage,1 pointe,medium,3,6628,1.7,"Gâteau, au fromage, nature, avec garniture aux cerises, fait maison","Cheesecake, plain, with cherry topping, homemade",273,6.218,32.736,13.579
gâteau au fromage,1 pointe,medium,4,22,0.7,Fromage carvi,"Cheese, caraway",376,25.18,3.06,29.2
gâteau au fromage,1 pointe,medium,5,5455,0.65,"Pâtes, fraîches-réfrigérées, tortellinis au fromage, tel qu'acheté","Pasta, fresh-refrigerated, tortellini with cheese filling, as purchased",307,13.5,47,7.23
gâteau au fromage,1 pointe,medium,6,3080,0.541,"Poisson, thon rouge, frais, cuit au four ou grillé","Fish, tuna, bluefin, fresh, baked or broiled",184,29.91,0,6.28
gâteau au fromage,1 pointe,medium,7,3762,0.541,"Gâteau, gâteau pause-café, cannelle avec garniture de miettes, commercial","Cake, coffee cake, cinnamon with crumb topping, commercial",418,6.8,46.7,23.3
gâteau au fromage,1 pointe,medium,8,6425,0.541,"Aliments prêts à manger, pizza avec fromage, croûte régulière","Fast foods, pizza, cheese, regular crust",266,11.39,33.33,9.69
tarte aux pommes,1 pointe,review,1,3941,0.85,"Tarte, pommes, commerciale, 2 croûtes","Pie, apple, commercial, 2 crust",237,1.9,34,11
tarte aux pommes,1 pointe,review,2,3942,0.85,"Tarte, pommes, faite maison, 2 croûtes","Pie, apple, homemade, 2 crust",265,2.4,37.1,12.5
tarte aux pommes,1 pointe,review,3,3957,0.736,"Tarte, chausson, fruits (pommes, bleuets, pêches, fraises)","Pie, fried, fruit (apple, blueberry, peach, strawberry)",316,3,42.6,16.1
tarte aux pommes,1 pointe,review,4,1543,0.7,"Anone reticulée, anone coeur de boeuf, crue","Custard-apple, raw",101,1.7,25.2,0.6
tarte aux pommes,1 pointe,review,5,1602,0.7,"Abricots de St-Dominique (des Antilles), crus","Mammy-apple, raw",51,0.5,12.5,0.5
tarte aux pommes,1 pointe,review,6,1681,0.7,"Jambose (pommes de rose), crue","Rose-apple, raw",25,0.6,5.7,0.3
tarte aux pommes,1 pointe,review,7,1688,0.7,"Pomme cannelle, crue","Sugar-apple, raw",94,2.06,23.64,0.29
tarte aux pommes,1 pointe,review,8,1696,0.65,"Pomme, crue, avec pelure","Apple, raw, with skin",52,0.26,13.81,0.17
bonbons gélifiés,40 g,review,1,4180,0.7,"Bonbons, réglisse, fraises","Candies, licorice, strawberry",348,2.56,79.16,2.32
bonbons gélifiés,40 g,review,2,4206,0.65,"Bonbons, tablettes, Nestle Crunch","Candies, bars, Nestle Crunch",500,5,67,26
bonbons gélifiés,40 g,review,3,4213,0.593,"Bonbons, croquant aux graines de sesame","Candies, sesame crunch (crisp)",517,11.6,50.3,33.3
bonbons gélifiés,40 g,review,4,7775,0.55,"Bonbons, tablettes, beurre d'arachide croquant enrobé de chocolat","Candies, bars, crunchy peanut butter coated with chocolate",482,8.78,62.68,23.98
bonbons gélifiés,40 g,review,5,22,0.45,Fromage carvi,"Cheese, caraway",376,25.18,3.06,29.2
bonbons gélifiés,40 g,review,6,88,0.45,"Oeuf, canard, entier, frais, cru","Egg, duck, whole, fresh, raw",186,12.81,1.45,13.77
bonbons gélifiés,40 g,review,7,89,0.45,"Oeuf, oie, entier, frais, cru","Egg, goose, whole, fresh, raw",185,13.87,1.35,13.27
bonbons gélifiés,40 g,review,8,90,0.45,"Oeuf, caille, entier, frais, cru","Egg, quail, whole, fresh, raw",159,13.05,0.41,11.09
sirop d érable,2 c. à soupe,review,1,6175,0.95,"Confiseries, sirop d'érable, préemballé","sweets, syrup, maple, prepackaged",270,0,67.215,0.145
sirop d érable,2 c. à soupe,review,2,4326,0.85,"Confiseries, sirop d'érable, en vrac","Sweets, syrup, maple, bulk",272,0.09226,67.24,0.244
sirop d érable,2 c. à soupe,review,3,6782,0.65,"Crêpe, nature, faite maison avec beurre et sirop d'érable","Pancake, plain, homemade with butter and maple syrup",210,5.315,36.488,4.552
sirop d érable,2 c. à soupe,review,4,6177,0.4,"Confiseries, beurre d'érable","Sweets, butter, maple",334,0,82.906,0.302
sirop d érable,2 c. à soupe,review,5,6178,0.4,"Confiseries, tire d'érable","Sweets, maple taffy",342,0,84.925,0.31
sirop d érable,2 c. à soupe,review,6,7129,0.4,"Confiseries, sirop d'agave","Sweets, syrup, agave",310,0.09,76.37,0.45
sirop d érable,2 c. à soupe,review,7,4320,0.333,"Confiseries, sucre d'érable, dur","Sweets, sugars, maple, hard",354,0.1,87.83,0.32
sirop d érable,2 c. à soupe,review,8,6176,0.333,"Confiseries, sucre d'érable, granulé","Sweets, sugars, maple, granulated",391,0.041,96.88,0.347
popsicle,1,review,1,22,0.45,Fromage carvi,"Cheese, caraway",376,25.18,3.06,29.2
popsicle,1,review,2,88,0.45,"Oeuf, canard, entier, frais, cru","Egg, duck, whole, fresh, raw",186,12.81,1.45,13.77
popsicle,1,review,3,89,0.45,"Oeuf, oie, entier, frais, cru","Egg, goose, whole, fresh, raw",185,13.87,1.35,13.27
popsicle,1,review,4,90,0.45,"Oeuf, caille, entier, frais, cru","Egg, quail, whole, fresh, raw",159,13.05,0.41,11.09
popsicle,1,review,5,91,0.45,"Oeuf, dinde, entier, frais, cru","Egg, turkey, whole, fresh, raw",171,13.68,1.15,11.88
popsicle,1,review,6,173,0.45,"Épices, carvi, graines","Spices, caraway seed",333,19.77,49.9,14.59
popsicle,1,review,7,212,0.45,"Épices, basilic, frais","Spices, basil, fresh",22,3.15,2.65,0.64
popsicle,1,review,8,213,0.45,"Épices, aneth, frais","Spices, dill weed, fresh",43,3.46,7.02,1.12
café noir,1 tasse,review,1,1541,0.65,"Cassis, noir européen, cru","Currant, european black, raw",63,1.4,15.38,0.41
café noir,1 tasse,review,2,3235,0.65,"Poisson, doré noir, cru","Fish, sauger (yellow walleye), raw",83,17.1,0,1.1
café noir,1 tasse,review,3,3013,0.617,"Poisson, flétan, Groenland (flétan noir), cru","Fish, halibut, Greenland (turbot), raw",186,14.37,0,13.84
café noir,1 tasse,review,4,3047,0.617,"Poisson, morue charbonnière, crue","Fish, sablefish (black cod), raw",195,13.41,0,15.3
café noir,1 tasse,review,5,2082,0.593,"Doliques à oeil noir, feuilles, crues","Cowpeas, leafy tips, raw",29,4.1,4.82,0.25
café noir,1 tasse,review,6,3072,0.593,"Poisson, meunier noir (carpe noire), cru","Fish, mullet (sucker), white, raw",92,16.76,0,2.32
café noir,1 tasse,review,7,2074,0.575,"Doliques à oeil noir, grains immatures, crus","Cowpeas (black-eyed peas), immature seeds, raw",90,2.95,18.83,0.35
café noir,1 tasse,review,8,3038,0.575,"Poisson, goberge, atlantique (merlan, lieu noir), crue","Fish, pollock, atlantic (boston blue), raw",92,19.44,0,0.98
thé,1 tasse,review,1,2909,1.9,Thé infusé,"Tea, brewed",1,0,0.3,0
thé,1 tasse,review,2,7057,1.9,"Tisane, hibiscus","Tea, hibiscus",0,0,0,0
thé,1 tasse,review,3,2916,1.733,Tisane infusée,"Tea, brewed, herb",1,0,0.2,0
thé,1 tasse,review,4,2942,1.733,"Thé, camomille, infusé","Tea, chamomile, brewed",1,0,0.2,0
thé,1 tasse,review,5,7608,1.733,"Thé, Oolong, infusé","Tea, Oolong, brewed",1,0,0.15,0
thé,1 tasse,review,6,7624,1.733,"Thé, vert, infusé","Tea, green, brewed",1,0.22,0,0
thé,1 tasse,review,7,7620,1.65,"Thé, vert, infusé, décaféiné","Tea, green, brewed, decaffeinated",0,0,0,0
thé,1 tasse,review,8,2941,1.6,Thé infusé avec eau distillée,"Tea, brewed with distilled water",1,0,0.3,0
jus d orange,1 tasse,review,1,1619,2.067,"Orange, jus, frais","Orange juice, raw",45,0.7,10.4,0.2
jus d orange,1 tasse,review,2,1723,2.067,"Orange, jus, conserve","Orange juice, canned",47,0.68,11.01,0.15
jus d orange,1 tasse,review,3,1724,1.8,"Orange, jus, concentré, congelé, non dilué","Orange juice, frozen concentrate, undiluted",148,2.4,35.19,0.25
jus d orange,1 tasse,review,4,1725,1.8,"Orange, jus, concentré, congelé, dilué","Orange juice, frozen concentrate, diluted",37,0.6,8.8,0.06
jus d orange,1 tasse,review,5,1620,1.733,"Orange, jus, réfrigéré, pouvant provenir de concentré","Orange juice, chilled, includes from concentrate",49,0.68,11.54,0.12
jus d orange,1 tasse,review,6,7425,1.582,"Orange, jus, concentré, congelé, non dilué, calcium et vitamine D ajoutés","Orange juice, frozen concentrate, undiluted, with added calcium and Vitamin D",147,2.4,33.86,0.25
jus d orange,1 tasse,review,7,7598,1.582,"Orange, jus, concentré, congelé, dilué, calcium et vitamine D ajoutés","Orange juice, frozen concentrate, diluted, with added calcium and Vitamin D",37,0.6,8.47,0.06
jus d orange,1 tasse,review,8,6203,1.554,"Orange, jus, réfrigéré, de concentré inclus, enrichi en calcium et vitamin D","Orange juice, chilled, includes from concentrate, fortified with added calcium and vitamin D",44,0.8,10.06,0.27
jus de pomme,1 tasse,review,1,1496,1.65,"Pomme, jus, concentré, congélé, non dilué, sans vitamine C","Apple juice, frozen concentrate, undiluted, without vitamin C",166,0.51,41,0.37
jus de pomme,1 tasse,review,2,1752,1.65,"Pomme, jus, conserve ou bouteille, vitamine C ajoutée","Apple juice, canned or bottled, added vitamin C",46,0.1,11.3,0.13
jus de pomme,1 tasse,review,3,1753,1.65,"Pomme, jus, concentré, congelé, non dilué, vitamine C ajoutée","Apple juice, frozen concentrate, undiluted, added vitamin C",166,0.51,41,0.37
jus de pomme,1 tasse,review,4,1754,1.65,"Pomme, jus, concentré, congelé, dilué, vitamine C ajoutée","Apple juice, frozen concentrate, diluted, added vitamin C",47,0.14,11.54,0.1
jus de pomme,1 tasse,review,5,1495,1.622,"Pomme, jus, conserve ou bouteille, sans vitamine C ajoutée","Apple juice, canned or bottled, without added vitamin C",46,0.1,11.3,0.13
jus de pomme,1 tasse,review,6,1497,1.622,"Pomme, jus, concentré, congélé, dilué, sans vitamine c ajouté","Apple juice, frozen concentrate, diluted, without added vitamin C",47,0.14,11.54,0.1
jus de pomme,1 tasse,review,7,7419,1.567,"Pomme, jus, conserve ou bouteille, non sucré, calcium et vitamine C et D ajoutés","Apple juice, canned or bottled, unsweetened, calcium and Vitamin C and D added",48,0.12,11.49,0.17
jus de pomme,1 tasse,review,8,7051,0.6,"Jus, orange ananas",Orange pineapple juice,51,0.41,12.2,0.08
jus vert,355 ml,review,1,6661,0.333,Jus de grenade,"Juice, pomegranate",55,0.15,13.13,0.29
jus vert,355 ml,review,2,1485,0.25,"Azerole, jus, frais","Acerola (West Indian cherry), juice, raw",23,0.4,4.8,0.3
jus vert,355 ml,review,3,1589,0.25,"Citron, jus, frais","Lemon juice, raw",22,0.35,6.9,0.24
jus vert,355 ml,review,4,1591,0.25,"Citron, jus, congelé","Lemon juice, frozen",22,0.46,6.5,0.32
jus vert,355 ml,review,5,1594,0.25,"Lime, jus, frais","Lime juice, raw",25,0.42,8.42,0.07
jus vert,355 ml,review,6,1619,0.25,"Orange, jus, frais","Orange juice, raw",45,0.7,10.4,0.2
jus vert,355 ml,review,7,1673,0.25,"Pruneau, jus, conserve","Prune juice, canned",71,0.61,17.45,0.03
jus vert,355 ml,review,8,1723,0.25,"Orange, jus, conserve","Orange juice, canned",47,0.68,11.01,0.15
smoothie,1 grand verre,medium,1,7580,1.77,"Frappé (smoothie) au jus de fruits, fraises et bananes","Smoothie, fruit juice, strawberry banana",52,0.44,12.37,0.3
smoothie,1 grand verre,medium,2,7645,0.341,"Aliments prêts à manger, frappé avec yogourt faible en gras et glaçons","Fast foods, smoothie, strawberry banana with low-fat yogourt and ice",65,0.86,15.05,0.14
coca cola,355 ml,review,1,22,0.45,Fromage carvi,"Cheese, caraway",376,25.18,3.06,29.2
coca cola,355 ml,review,2,88,0.45,"Oeuf, canard, entier, frais, cru","Egg, duck, whole, fresh, raw",186,12.81,1.45,13.77
coca cola,355 ml,review,3,89,0.45,"Oeuf, oie, entier, frais, cru","Egg, goose, whole, fresh, raw",185,13.87,1.35,13.27
coca cola,355 ml,review,4,90,0.45,"Oeuf, caille, entier, frais, cru","Egg, quail, whole, fresh, raw",159,13.05,0.41,11.09
coca cola,355 ml,review,5,91,0.45,"Oeuf, dinde, entier, frais, cru","Egg, turkey, whole, fresh, raw",171,13.68,1.15,11.88
coca cola,355 ml,review,6,173,0.45,"Épices, carvi, graines","Spices, caraway seed",333,19.77,49.9,14.59
coca cola,355 ml,review,7,212,0.45,"Épices, basilic, frais","Spices, basil, fresh",22,3.15,2.65,0.64
coca cola,355 ml,review,8,213,0.45,"Épices, aneth, frais","Spices, dill weed, fresh",43,3.46,7.02,1.12
boisson gazeuse diète,355 ml,review,1,22,0.45,Fromage carvi,"Cheese, caraway",376,25.18,3.06,29.2
boisson gazeuse diète,355 ml,review,2,88,0.45,"Oeuf, canard, entier, frais, cru","Egg, duck, whole, fresh, raw",186,12.81,1.45,13.77
boisson gazeuse diète,355 ml,review,3,89,0.45,"Oeuf, oie, entier, frais, cru","Egg, goose, whole, fresh, raw",185,13.87,1.35,13.27
boisson gazeuse diète,355 ml,review,4,90,0.45,"Oeuf, caille, entier, frais, cru","Egg, quail, whole, fresh, raw",159,13.05,0.41,11.09
boisson gazeuse diète,355 ml,review,5,91,0.45,"Oeuf, dinde, entier, frais, cru","Egg, turkey, whole, fresh, raw",171,13.68,1.15,11.88
boisson gazeuse diète,355 ml,review,6,173,0.45,"Épices, carvi, graines","Spices, caraway seed",333,19.77,49.9,14.59
boisson gazeuse diète,355 ml,review,7,212,0.45,"Épices, basilic, frais","Spices, basil, fresh",22,3.15,2.65,0.64
boisson gazeuse diète,355 ml,review,8,213,0.45,"Épices, aneth, frais","Spices, dill weed, fresh",43,3.46,7.02,1.12
boisson énergisante,473 ml,review,1,7173,1.9,"Boisson énergisante, saveur de café","Energy drink, coffee flavours",49,2.08,8.96,0.528
boisson énergisante,473 ml,review,2,7175,1.9,"Boisson énergisante, saveurs variées","Energy drink, various flavours",47,0.26,11.43,0
boisson énergisante,473 ml,review,3,7179,1.9,"Boisson énergisante, sans caféine","Energy drink, caffeine free",38,0.25,9.21,0
boisson énergisante,473 ml,review,4,7180,1.9,"Boisson énergisante, saveur de thé","Energy drink, tea flavoured",56,0.25,13.78,0
boisson énergisante,473 ml,review,5,7174,1.8,"Boisson énergisante, dose énergisante (''energy shot''), sans sucre","Energy drink, shot, sugar free",8,0.25,1.78,0
boisson énergisante,473 ml,review,6,7176,1.8,"Boisson énergisante, saveur de café, léger","Energy drink, coffee flavours, light",22,1.17,3.6,0.37
boisson énergisante,473 ml,review,7,7177,1.8,"Boisson énergisante, sans sucre / hypocalorique","Energy drink, sugar free/low calorie",6,0.28,1.17,0
boisson énergisante,473 ml,review,8,7178,1.8,"Boisson énergisante, avec jus de fruits","Energy drink, with fruit juice",33,0.27,7.95,0
eau de coco,1 tasse,medium,1,2566,1.9,"Noix de coco, eau (liquide de la noix)",Coconut water (liquid from coconut),19,0.72,3.71,0.2
eau de coco,1 tasse,medium,2,2558,0.85,"Noix de coco, crue","Coconut meat, raw",354,3.33,15.23,33.49
eau de coco,1 tasse,medium,3,2643,0.75,"Noix de coco, lait (liquide de la noix râpée et eau), cru","Coconut milk (liquid from grated meat and water), raw",230,2.29,5.54,23.84
eau de coco,1 tasse,medium,4,2563,0.672,"Noix de coco, crème (liquide de la noix râpée), crue","Coconut cream (liquid from grated meat), raw",330,3.63,6.65,34.68
eau de coco,1 tasse,medium,5,1577,0.617,"Cerise de terre, crue","Groundcherry, raw",53,1.9,11.2,0.7
eau de coco,1 tasse,medium,6,1582,0.617,"Prune de java, crue","Java-plum, raw",60,0.72,15.56,0.23
eau de coco,1 tasse,medium,7,1668,0.617,"Figue de Barbarie, crue","Prickly pear, raw",41,0.73,9.57,0.51
eau de coco,1 tasse,medium,8,2101,0.617,"Oreilles de Judas, crues","Jew's ear (cloud or wood ear, pepeao), raw",25,0.48,6.75,0.04
chocolat chaud,1 tasse,review,1,116,1.65,"Chocolat chaud, cacao, fait maison, préparé avec lait entier","Hot chocolate, cocoa, homemade, prepared with whole milk",94,3.64,11.79,3.62
chocolat chaud,1 tasse,review,2,2869,1.62,"Chocolat chaud, mélange sec","Hot chocolate, mix, powder",398,6.67,83.73,4
chocolat chaud,1 tasse,review,3,71,1.6,"Chocolat chaud, cacao, fait maison, préparé avec lait 2% M.G.","Hot chocolate, cocoa, homemade, prepared with 2% M.F. milk",77,3.52,10.74,2.34
chocolat chaud,1 tasse,review,4,4777,1.52,"Chocolat chaud, onctueux, mélange sec","Hot chocolate, rich, mix, powder",400,3,75,15
chocolat chaud,1 tasse,review,5,4776,1.453,"Chocolat chaud avec guimauves, mélange sec","Hot chocolate with marshmallows, powder, mix",400,2.8,75,15
chocolat chaud,1 tasse,review,6,2871,1.406,"Chocolat chaud, mélange sec, préparé avec eau","Hot chocolate, mix, powder, prepared with water",55,0.92,11.54,0.55
chocolat chaud,1 tasse,review,7,2953,1.406,"Chocolat chaud, avec édulcorant artificiel, mélange sec","Hot chocolate, with artificial sweetener, mix, powder",377,15.49,71.93,3
chocolat chaud,1 tasse,review,8,5295,1.37,"Chocolat chaud, onctueux, mélange sec, préparé avec eau","Hot chocolate, rich, mix, powder, prepared with water",53,0.612,11.443,0.524
pizza,2 pointes,review,1,5860,1.457,"Pizza avec fromage, croûte régulière, congelée, cuite","Pizza, cheese, regular crust, frozen, cooked",260.685346392,11.901932105,33.112684485,8.958542226
pizza,2 pointes,review,2,5861,1.457,"Pizza avec fromage, croûte lève-au-four, congelée, cuite","Pizza, cheese, rising crust, frozen, cooked",260,12.37,32.91,8.78
pizza,2 pointes,review,3,7130,1.457,"Pizza avec fromage, croûte mince, congelée, cuite","Pizza, cheese, thin crust, frozen, cooked",276.229547741,11.730577896,30.470467448,11.936151818
pizza,2 pointes,review,4,7974,1.433,"Pizza, fromage, croûte sans gluten, congelée, cuite","Pizza, cheese, gluten-free crust, frozen, cooked",283.255,10.69,42.423,7.867
pizza,2 pointes,review,5,7989,1.433,"Pizza, fromage, Canadienne, croûte mince, congelée, cuite","Pizza, cheese, Canadian, thin crust, frozen, cooked",286.52,13.03,27.838,13.672
pizza,2 pointes,review,6,7991,1.433,"Pizza, mini, fromage, croûte mince, congelée, cuite","Pizza, mini, cheese, thin crust, frozen, cooked",268.175,9.37,40.153,7.787
pizza,2 pointes,review,7,7994,1.433,"Pizza, fromage, Deluxe, croûte mince, congelée, cuite","Pizza, cheese, Deluxe, thin crust, frozen, cooked",287.45497,10.994750124,25.7405,15.61266
pizza,2 pointes,review,8,7995,1.433,"Pizza, fromage, Hawaïenne, croûte mince, congelée, cuite","Pizza, cheese, Hawaiian, thin crust, frozen, cooked",239.095,9.8,34.559,6.851
poutine,1 portion,high,1,6772,4,Poutine,Poutine,226,7.494,15.245,15.312
hot dog,1,review,1,2339,0.85,"Marinades, relish, chien chaud (hot-dog)","Pickle relish, hot dog",91,1.5,23.35,0.46
hot dog,1,review,2,3985,0.75,"Pain, petit pain, à hamburger / à hot-dog, nature","Roll, hamburger / hot dog, plain",279,9.77,50.12,3.91
hot dog,1,review,3,3986,0.75,"Pain, petit pain, à hamburger / à hot-dog, multigrains","Roll, hamburger / hot dog, multigrain",263,9.6,44.6,6
hot dog,1,review,4,4644,0.75,"Aliments prêts à manger, hot-dog (chien-chaud), nature","Fast foods, hot dog, plain",247,10.6,18.4,14.84
hot dog,1,review,5,3987,0.683,"Pain, petit pain, à hamburger / à hot-dog, réduit en Calories","Roll, hamburger / hot dog, Calorie-reduced",196,8.3,42.1,2
hot dog,1,review,6,4645,0.683,"Aliments prêts à manger, hot-dog (chien-chaud) avec chili","Fast foods, hot dog with chili",260,11.85,27.45,11.79
hot dog,1,review,7,7665,0.683,"Pain, petit pain, à hamburger / à hot-dog, blé concassé","Roll, hamburger / hot dog, cracked wheat",269,11.69,47.31,3.61
hot dog,1,review,8,7666,0.683,"Pain, petit pain, à hamburger / à hot-dog, blé entier","Roll, hamburger / hot dog, whole wheat",269,12.38,44.93,4.38
club sandwich,1,review,1,6753,1.582,"Sandwich club avec poulet grillé, bacon, tomates, fromage, laitue et mayonnaise","Club sandwich with grilled chicken, bacon, tomato, cheese, lettuce and mayonnaise",220,17.19,19.87,8.05
club sandwich,1,review,2,6796,1.582,"Sandwich club avec poulet frit, bacon, tomates, fromage, laitue et mayonnaise","Club sandwich with fried chicken, bacon, tomato, cheese, lettuce and mayonnaise",258,15.38,22.61,11.76
club sandwich,1,review,3,22,0.45,Fromage carvi,"Cheese, caraway",376,25.18,3.06,29.2
club sandwich,1,review,4,88,0.45,"Oeuf, canard, entier, frais, cru","Egg, duck, whole, fresh, raw",186,12.81,1.45,13.77
club sandwich,1,review,5,89,0.45,"Oeuf, oie, entier, frais, cru","Egg, goose, whole, fresh, raw",185,13.87,1.35,13.27
club sandwich,1,review,6,90,0.45,"Oeuf, caille, entier, frais, cru","Egg, quail, whole, fresh, raw",159,13.05,0.41,11.09
club sandwich,1,review,7,91,0.45,"Oeuf, dinde, entier, frais, cru","Egg, turkey, whole, fresh, raw",171,13.68,1.15,11.88
club sandwich,1,review,8,173,0.45,"Épices, carvi, graines","Spices, caraway seed",333,19.77,49.9,14.59
sandwich,1,review,1,6748,1.733,"Sandwich au jambon, fait maison","Sandwich, ham, homemade",214,10.982,22.922,8.488
sandwich,1,review,2,6752,1.733,Sandwich chaud au poulet,"Sandwich, hot chicken",156,13.753,11.221,5.952
sandwich,1,review,3,6747,1.65,"Sandwich aux oeufs durs, fait maison","Sandwich, egg salad, homemade",305,8.653,17.42,22.05
sandwich,1,review,4,6749,1.65,"Sandwich à la salade de thon, fait maison","Sandwich, tuna salad, homemade",229,12.508,20.207,10.814
sandwich,1,review,5,6750,1.65,"Sandwich à la salade de saumon, fait maison","Sandwich, salmon salad, homemade",210,9.898,20.207,9.895
sandwich,1,review,6,1164,1.567,"Tartinade pour sandwich, poulet et/ou dinde","Sandwich spread, chicken and/or turkey",200,11.64,7.41,13.52
sandwich,1,review,7,6755,1.567,"Sandwich, hambourgeois végétarien avec légumes et mayonnaise","Sandwich, vegetarian burger (veggie burger) + vegetables + mayonnaise",233,12.039,20.084,11.642
sandwich,1,review,8,415,1.525,"Tartinade pour sandwich, avec cornichons hachés, ordinaire, huile non spécifiée","Sandwich spread, with chopped pickle, regular, unspecified oil",389,0.9,22.4,34
wrap au poulet,1,review,1,571,0.65,"Poulet à griller, abats, cru","Chicken, broiler, giblets, raw",124,17.88,1.8,4.47
wrap au poulet,1,review,2,574,0.65,"Poulet à griller, gésier, cru","Chicken, broiler, gizzard, raw",94,17.66,0,2.06
wrap au poulet,1,review,3,576,0.65,"Poulet à griller, coeur, cru","Chicken, broiler, heart, raw",153,15.55,0.71,9.33
wrap au poulet,1,review,4,578,0.65,"Poulet à griller, foie, cru","Chicken, broiler, liver, raw",119,16.92,0.73,4.83
wrap au poulet,1,review,5,641,0.65,"Poulet à rôtir, abats, cru","Chicken, roasting, giblets, raw",127,18.14,1.14,5.04
wrap au poulet,1,review,6,650,0.65,"Poulet à bouillir, abats, cru","Chicken, stewing, giblets, raw",168,17.89,2.13,9.21
wrap au poulet,1,review,7,660,0.65,"Poulet, chapon, abats, cru","Chicken, capon, giblets, raw",130,18.28,1.42,5.18
wrap au poulet,1,review,8,918,0.65,"Poulet, haché, maigre, cru","Chicken, ground, lean, raw",143,17.44,0.04,8.1
burrito,1,review,1,6342,1.6,"Burrito, haricots et fromage, cuit au four à micro-ondes","Burrito, bean and cheese, microwaved",261,8.6,40.37,7.17
burrito,1,review,2,6343,1.6,"Burrito, boeuf et haricots, cuit au four à micro-ondes","Burrito, beef and bean, microwaved",298,8.73,38.95,11.94
burrito,1,review,3,6253,1.32,"Burrito, boeuf et haricots, congelé","Burrito, beef and bean, frozen",239,7.26,30.84,9.61
burrito,1,review,4,6254,1.32,"Burrito, haricots et fromage, congelé","Burrito, bean and cheese, frozen",221,7.07,34.01,6.3
quesadilla,1,review,1,7444,1.733,Quésadilla au fromage,Quesadilla with cheese,368,15.93,24.11,23.08
quesadilla,1,review,2,6780,1.6,Quésadilla à la viande et au fromage,Quesadilla with meat and cheese,341,16.864,21.747,20.393
sushi,8 morceaux,review,1,6763,1.6,"Sushi avec légumes, sans poisson","Sushi with vegetables, without fish",117,2.187,25.74,0.226
sushi,8 morceaux,review,2,6764,1.6,Sushi avec poisson et légumes,Sushi with fish and vegetables,160,4.749,33.389,0.469
poke bowl,1 bol,review,1,22,0.45,Fromage carvi,"Cheese, caraway",376,25.18,3.06,29.2
poke bowl,1 bol,review,2,88,0.45,"Oeuf, canard, entier, frais, cru","Egg, duck, whole, fresh, raw",186,12.81,1.45,13.77
poke bowl,1 bol,review,3,89,0.45,"Oeuf, oie, entier, frais, cru","Egg, goose, whole, fresh, raw",185,13.87,1.35,13.27
poke bowl,1 bol,review,4,90,0.45,"Oeuf, caille, entier, frais, cru","Egg, quail, whole, fresh, raw",159,13.05,0.41,11.09
poke bowl,1 bol,review,5,91,0.45,"Oeuf, dinde, entier, frais, cru","Egg, turkey, whole, fresh, raw",171,13.68,1.15,11.88
poke bowl,1 bol,review,6,173,0.45,"Épices, carvi, graines","Spices, caraway seed",333,19.77,49.9,14.59
poke bowl,1 bol,review,7,212,0.45,"Épices, basilic, frais","Spices, basil, fresh",22,3.15,2.65,0.64
poke bowl,1 bol,review,8,213,0.45,"Épices, aneth, frais","Spices, dill weed, fresh",43,3.46,7.02,1.12
pad thai,1 portion,medium,1,6762,1.9,Pad thaï au poulet,Pad thaï with chicken,128,8.681,15.193,3.425
pad thai,1 portion,medium,2,22,0.45,Fromage carvi,"Cheese, caraway",376,25.18,3.06,29.2
pad thai,1 portion,medium,3,88,0.45,"Oeuf, canard, entier, frais, cru","Egg, duck, whole, fresh, raw",186,12.81,1.45,13.77
pad thai,1 portion,medium,4,89,0.45,"Oeuf, oie, entier, frais, cru","Egg, goose, whole, fresh, raw",185,13.87,1.35,13.27
pad thai,1 portion,medium,5,90,0.45,"Oeuf, caille, entier, frais, cru","Egg, quail, whole, fresh, raw",159,13.05,0.41,11.09
pad thai,1 portion,medium,6,91,0.45,"Oeuf, dinde, entier, frais, cru","Egg, turkey, whole, fresh, raw",171,13.68,1.15,11.88
pad thai,1 portion,medium,7,173,0.45,"Épices, carvi, graines","Spices, caraway seed",333,19.77,49.9,14.59
pad thai,1 portion,medium,8,212,0.45,"Épices, basilic, frais","Spices, basil, fresh",22,3.15,2.65,0.64
sauté asiatique,1 portion,review,1,6769,1.9,Sauté au boeuf,Stir fry with beef,99,6.481,9.376,4.292
sauté asiatique,1 portion,review,2,6770,1.9,Sauté avec poulet,Stir fry with chicken,170,12.702,3.549,11.357
sauté asiatique,1 portion,review,3,6771,1.9,Sauté avec tofu,Stir fry with tofu,79,8.064,5.613,5.965
sauté asiatique,1 portion,review,4,6777,1.733,Sauté au boeuf et brocoli,Stir fry with beef and broccoli,116,10.638,3.824,6.504
sauté asiatique,1 portion,review,5,1693,0.7,"Poire, asiatique, crue","Pear, asian, raw",42,0.5,10.65,0.23
sauté asiatique,1 portion,review,6,5009,0.617,"Boeuf, haché, maigre, émietté, sauté","Beef, ground, lean, crumbled, pan-fried",258,29,0,14.85
sauté asiatique,1 portion,review,7,4995,0.593,"Boeuf, haché, mi-maigre, émietté, sauté","Beef, ground, medium, crumbled, pan-fried",285,29.2,0,17.825
sauté asiatique,1 portion,review,8,4998,0.593,"Boeuf, haché, extra maigre, émietté, sauté","Beef, ground, extra lean, crumbled, pan-fried",222,30.65,0,10.125
cari de poulet,1 bol,review,1,819,0.736,"Poulet, poulet de cornouailles, viande seulement, crue","Chicken, cornish game hens, meat only, raw",116,20.04,0,3.33
cari de poulet,1 bol,review,2,817,0.7,"Poulet, poulet de cornouailles, viande et peau, crues","Chicken, cornish game hens, meat and skin, raw",200,17.15,0,14.02
cari de poulet,1 bol,review,3,853,0.672,"Poulet à griller, haut de cuisse, viande, cru","Chicken, broiler, thigh, meat, raw",121,19.66,0,4.12
cari de poulet,1 bol,review,4,571,0.65,"Poulet à griller, abats, cru","Chicken, broiler, giblets, raw",124,17.88,1.8,4.47
cari de poulet,1 bol,review,5,574,0.65,"Poulet à griller, gésier, cru","Chicken, broiler, gizzard, raw",94,17.66,0,2.06
cari de poulet,1 bol,review,6,576,0.65,"Poulet à griller, coeur, cru","Chicken, broiler, heart, raw",153,15.55,0.71,9.33
cari de poulet,1 bol,review,7,578,0.65,"Poulet à griller, foie, cru","Chicken, broiler, liver, raw",119,16.92,0.73,4.83
cari de poulet,1 bol,review,8,641,0.65,"Poulet à rôtir, abats, cru","Chicken, roasting, giblets, raw",127,18.14,1.14,5.04
soupe aux légumes,2 tasses,review,1,6732,0.667,"Soupe, légumes, faite maison","Soup, vegetable, homemade",20,1.34,3.203,0.226
soupe aux légumes,2 tasses,review,2,2199,0.617,"Salsifis, cru","Salsify (oysterplant, vegetable oyster), raw",82,3.3,18.6,0.2
soupe aux légumes,2 tasses,review,3,4213,0.575,"Bonbons, croquant aux graines de sesame","Candies, sesame crunch (crisp)",517,11.6,50.3,33.3
soupe aux légumes,2 tasses,review,4,3233,0.561,"Poisson, laquaiche aux yeux d'or, crues","Fish, goldeye, raw",131,16.3,0,6.8
soupe aux légumes,2 tasses,review,5,6428,0.527,"Aliments prêts à manger, pizza avec fromage et légumes, croûte régulière","Fast foods, pizza, cheese and vegetables, regular crust",244,11.02,25.38,10.9
soupe aux légumes,2 tasses,review,6,6910,0.527,"Céréale, prête-à-manger, All Bran bouchées aux fraises, Kellogg's","Cereal, ready to eat, All Bran Strawberry Bites, Kellogg's",348,9.58,77.97,2
soupe aux légumes,2 tasses,review,7,6781,0.506,"Aliments prêts à manger, pizza avec fromage, viande (pepperoni, boeuf haché et sausisse) et légumes, croûte régulière","Fast foods, pizza, cheese, meat (pepperoni, ground beef and sausage) and vegetables, regular crust",182,7.922,16.206,9.541
soupe aux légumes,2 tasses,review,8,976,0.5,"Soupe, poulet et légumes, déshydratée","Soup, chicken vegetable, dehydrated",346,18.98,55.04,5.59
soupe poulet nouilles,2 tasses,review,1,1012,0.75,"Soupe, poulet et nouilles, déshydratée","Soup, chicken noodle, dehydrated",377,15.42,62.32,6.51
soupe poulet nouilles,2 tasses,review,2,6735,0.75,"Soupe, poulet et nouilles, faite maison","Soup, chicken noodle, homemade",53,7.422,2.895,1.131
soupe poulet nouilles,2 tasses,review,3,571,0.617,"Poulet à griller, abats, cru","Chicken, broiler, giblets, raw",124,17.88,1.8,4.47
soupe poulet nouilles,2 tasses,review,4,574,0.617,"Poulet à griller, gésier, cru","Chicken, broiler, gizzard, raw",94,17.66,0,2.06
soupe poulet nouilles,2 tasses,review,5,576,0.617,"Poulet à griller, coeur, cru","Chicken, broiler, heart, raw",153,15.55,0.71,9.33
soupe poulet nouilles,2 tasses,review,6,578,0.617,"Poulet à griller, foie, cru","Chicken, broiler, liver, raw",119,16.92,0.73,4.83
soupe poulet nouilles,2 tasses,review,7,641,0.617,"Poulet à rôtir, abats, cru","Chicken, roasting, giblets, raw",127,18.14,1.14,5.04
soupe poulet nouilles,2 tasses,review,8,650,0.617,"Poulet à bouillir, abats, cru","Chicken, stewing, giblets, raw",168,17.89,2.13,9.21
soupe tomate,2 tasses,review,1,2255,0.7,"Tomate, verte, crue","Tomato, green, raw",23,1.2,5.1,0.2
soupe tomate,2 tasses,review,2,4849,0.7,"Tomate, jaune, crue","Tomato, yellow, raw",15,0.98,2.98,0.26
soupe tomate,2 tasses,review,3,4880,0.7,"Tomate, orange, crue","Tomato, orange, raw",16,1.16,3.18,0.19
soupe tomate,2 tasses,review,4,985,0.667,"Soupe, tomates, déshydratée","Soup, tomato, dehydrated",360,8.63,68.3,8.35
soupe tomate,2 tasses,review,5,2317,0.575,"Tomate, rouge, mûre, étuvée (escalopes avec chapelure)","Tomato, red, ripe, stewed (scalloped with breadcrumbs)",79,1.96,13.05,2.68
soupe tomate,2 tasses,review,6,2460,0.575,"Tomate, rouge, mûre, crue, moyenne durant toute l'année","Tomato, red, ripe, raw, year round average",18,0.88,3.89,0.2
soupe tomate,2 tasses,review,7,986,0.517,"Soupe, tomates et légumes, déshydratée","Soup, tomato vegetable, dehydrated",325,11.73,59.9,5.09
soupe tomate,2 tasses,review,8,1094,0.517,"Soupe, tomates, déshydratée, eau ajoutée","Soup, tomato, dehydrated, water added",38,0.93,7.17,0.61
grilled cheese,1,review,1,22,0.783,Fromage carvi,"Cheese, caraway",376,25.18,3.06,29.2
grilled cheese,1,review,2,6425,0.593,"Aliments prêts à manger, pizza avec fromage, croûte régulière","Fast foods, pizza, cheese, regular crust",266,11.39,33.33,9.69
grilled cheese,1,review,3,6426,0.593,"Aliments prêts à manger, pizza avec fromage, croûte épaisse","Fast foods, pizza, cheese, thick crust",271,10.81,33.17,10.54
grilled cheese,1,review,4,6427,0.593,"Aliments prêts à manger, pizza avec fromage, croûte mince","Fast foods, pizza, cheese, thin crust",302,12.85,31.2,13.95
grilled cheese,1,review,5,6428,0.561,"Aliments prêts à manger, pizza avec fromage et légumes, croûte régulière","Fast foods, pizza, cheese and vegetables, regular crust",244,11.02,25.38,10.9
grilled cheese,1,review,6,6429,0.561,"Aliments prêts à manger, pizza avec fromage et pepperoni, croûte régulière","Fast foods, pizza, cheese and pepperoni, regular crust",282,11.74,31.98,11.91
grilled cheese,1,review,7,6430,0.561,"Aliments prêts à manger, pizza avec fromage et pepperoni, croûte épaisse","Fast foods, pizza, cheese and pepperoni, thick crust",287,11.49,31.84,12.58
grilled cheese,1,review,8,7092,0.561,"Aliments prêts à manger, pizza avec fromage et saucisse, croûte régulière","Fast foods, pizza, cheese and sausage, regular crust",280,11.5,30.62,12.35
mac and cheese,2 tasses,review,1,4919,1.87,"Macaroni au fromage, conserve","Macaroni and cheese, canned entree",82,3.38,11.52,2.46
mac and cheese,2 tasses,review,2,7141,1.733,"Macaroni au fromage, mélange en boîte avec sauce au fromage, préparé","Macaroni and cheese, box mix with cheese sauce, prepared",164,6.68,23.1,4.99
mac and cheese,2 tasses,review,3,7140,1.7,"Macaroni au fromage, mélange en boîte avec sauce au fromage, non préparé","Macaroni and cheese, box mix with cheese sauce, unprepared",334,12.73,46.66,10.67
mac and cheese,2 tasses,review,4,22,0.7,Fromage carvi,"Cheese, caraway",376,25.18,3.06,29.2
mac and cheese,2 tasses,review,5,6428,0.672,"Aliments prêts à manger, pizza avec fromage et légumes, croûte régulière","Fast foods, pizza, cheese and vegetables, regular crust",244,11.02,25.38,10.9
mac and cheese,2 tasses,review,6,6429,0.672,"Aliments prêts à manger, pizza avec fromage et pepperoni, croûte régulière","Fast foods, pizza, cheese and pepperoni, regular crust",282,11.74,31.98,11.91
mac and cheese,2 tasses,review,7,6430,0.672,"Aliments prêts à manger, pizza avec fromage et pepperoni, croûte épaisse","Fast foods, pizza, cheese and pepperoni, thick crust",287,11.49,31.84,12.58
mac and cheese,2 tasses,review,8,7092,0.672,"Aliments prêts à manger, pizza avec fromage et saucisse, croûte régulière","Fast foods, pizza, cheese and sausage, regular crust",280,11.5,30.62,12.35
fish and chips,1 portion,review,1,3025,0.672,"Poisson, maquereau espagnol/chinchard, espèces diverses, crues","Fish, mackerel, Pacific and jack, mixed species, raw",158,20.07,0,7.89
fish and chips,1 portion,review,2,3231,0.672,"Poisson, morue de l'Atlantique, langues et joues, crues","Fish, cod (scrod), Atlantic, tongues and cheeks, raw",72,14.6,0,1.1
fish and chips,1 portion,review,3,5840,0.672,"Poisson, omble chevalier, autochtone, viande et peau, crues","Fish, arctic char, Indigenous, meat and skin, raw",130,22,0,3.9
fish and chips,1 portion,review,4,2988,0.65,"Poisson, tassergal, cru","Fish, bluefish, raw",124,20.04,0,4.24
fish and chips,1 portion,review,5,2990,0.65,"Poisson, stromatée à fossettes, crue","Fish, butterfish, raw",146,17.28,0,8.02
fish and chips,1 portion,review,6,2991,0.65,"Poisson, carpe, crue","Fish, carp, raw",127,17.83,0,5.6
fish and chips,1 portion,review,7,3019,0.65,"Poisson, lingue, cru","Fish, ling, raw",87,18.99,0,0.64
fish and chips,1 portion,review,8,3020,0.65,"Poisson, morue-lingue, crue","Fish, lingcod, raw",85,17.66,0,1.06
ailes de poulet,10 ailes,review,1,819,0.736,"Poulet, poulet de cornouailles, viande seulement, crue","Chicken, cornish game hens, meat only, raw",116,20.04,0,3.33
ailes de poulet,10 ailes,review,2,817,0.7,"Poulet, poulet de cornouailles, viande et peau, crues","Chicken, cornish game hens, meat and skin, raw",200,17.15,0,14.02
ailes de poulet,10 ailes,review,3,853,0.672,"Poulet à griller, haut de cuisse, viande, cru","Chicken, broiler, thigh, meat, raw",121,19.66,0,4.12
ailes de poulet,10 ailes,review,4,571,0.65,"Poulet à griller, abats, cru","Chicken, broiler, giblets, raw",124,17.88,1.8,4.47
ailes de poulet,10 ailes,review,5,574,0.65,"Poulet à griller, gésier, cru","Chicken, broiler, gizzard, raw",94,17.66,0,2.06
ailes de poulet,10 ailes,review,6,576,0.65,"Poulet à griller, coeur, cru","Chicken, broiler, heart, raw",153,15.55,0.71,9.33
ailes de poulet,10 ailes,review,7,578,0.65,"Poulet à griller, foie, cru","Chicken, broiler, liver, raw",119,16.92,0.73,4.83
ailes de poulet,10 ailes,review,8,641,0.65,"Poulet à rôtir, abats, cru","Chicken, roasting, giblets, raw",127,18.14,1.14,5.04
nuggets de poulet,10 morceaux,medium,1,7653,1.8,"Poulet, croquette, panure de blé entier","Chicken nuggets, whole grain breading",270,15.67,22.86,12.9
nuggets de poulet,10 morceaux,medium,2,4954,1.274,"Croquettes de poulet, macaroni au fromage, maïs en sauce et pouding au chocolat, congelé","Chicken nuggets, macaroni in cheese sauce, corn in a seasoned sauce and chocolate pudding, frozen",178,7.2,19.77,7.78
nuggets de poulet,10 morceaux,medium,3,7035,1.062,"Poulet, croquette, viande blanche, précuite, congelée, non réchauffée","Chicken nuggets, white meat, pre-cooked, frozen, not heated",261,14.36,16.24,15.42
nuggets de poulet,10 morceaux,medium,4,7034,1.022,"Poulet, croquette, viande blanche et brune, précuite, congelée, non réchauffée","Chicken nuggets, dark and white meat, pre-cooked, frozen, not heated",268,12.02,16.09,17.31
nuggets de poulet,10 morceaux,medium,5,819,0.736,"Poulet, poulet de cornouailles, viande seulement, crue","Chicken, cornish game hens, meat only, raw",116,20.04,0,3.33
nuggets de poulet,10 morceaux,medium,6,817,0.7,"Poulet, poulet de cornouailles, viande et peau, crues","Chicken, cornish game hens, meat and skin, raw",200,17.15,0,14.02
nuggets de poulet,10 morceaux,medium,7,853,0.672,"Poulet à griller, haut de cuisse, viande, cru","Chicken, broiler, thigh, meat, raw",121,19.66,0,4.12
nuggets de poulet,10 morceaux,medium,8,571,0.65,"Poulet à griller, abats, cru","Chicken, broiler, giblets, raw",124,17.88,1.8,4.47
salade de pâtes,2 tasses,medium,1,6744,1.7,"Salade de pâtes avec légumes, préparée avec vinaigrette italienne, faite maison","Pasta salad with vegetables, prepared with Italian dressing, homemade",132,2.746,17.982,5.564
salade de pâtes,2 tasses,medium,2,1577,0.617,"Cerise de terre, crue","Groundcherry, raw",53,1.9,11.2,0.7
salade de pâtes,2 tasses,medium,3,1582,0.617,"Prune de java, crue","Java-plum, raw",60,0.72,15.56,0.23
salade de pâtes,2 tasses,medium,4,1668,0.617,"Figue de Barbarie, crue","Prickly pear, raw",41,0.73,9.57,0.51
salade de pâtes,2 tasses,medium,5,2101,0.617,"Oreilles de Judas, crues","Jew's ear (cloud or wood ear, pepeao), raw",25,0.48,6.75,0.04
salade de pâtes,2 tasses,medium,6,2276,0.617,"Cresson de fontaine, cru","Watercress, raw",11,2.3,1.29,0.1
salade de pâtes,2 tasses,medium,7,2378,0.617,"Choux de Bruxelles, crus","Brussels sprouts, raw",43,3.38,8.95,0.3
salade de pâtes,2 tasses,medium,8,2558,0.617,"Noix de coco, crue","Coconut meat, raw",354,3.33,15.23,33.49
huile d olive,1 c. à soupe,review,1,418,1.733,"Huile végétale, arachide","Vegetable oil, peanut",885,0,0,100
huile d olive,1 c. à soupe,review,2,419,1.733,"Huile végétale, soya","Vegetable oil, soybean",885,0,0,100
huile d olive,1 c. à soupe,review,3,422,1.733,"Huile végétale, olive","Vegetable oil, olive",885,0,0,100
huile d olive,1 c. à soupe,review,4,423,1.733,"Huile végétale, palme","Vegetable oil, palm",885,0,0,100
huile d olive,1 c. à soupe,review,5,424,1.733,"Huile végétale, sésame","Vegetable oil, sesame",885,0,0,100
huile d olive,1 c. à soupe,review,6,434,1.733,"Huile végétale, palmiste","Vegetable oil, palm kernel",863,0,0,100
huile d olive,1 c. à soupe,review,7,437,1.733,"Huile végétale, maïs","Vegetable oil, corn",900,0,0,100
huile d olive,1 c. à soupe,review,8,439,1.733,"Huile végétale, noix","Vegetable oil, walnut",885,0,0,100
beurre,1 c. à soupe,review,1,16,1.9,"Beurre, fouetté","Butter, whipped",731,0.49,0,78.3
beurre,1 c. à soupe,review,2,118,1.9,"Beurre, salé","Butter, regular",717,0.85,0.06,81.11
beurre,1 c. à soupe,review,3,92,1.733,"Beurre, sans sel","Butter, unsalted",717,0.85,0.06,81.11
beurre,1 c. à soupe,review,4,5307,1.733,"Beurre, léger, salé","Butter, light, salted",499,3.3,0,55.1
beurre,1 c. à soupe,review,5,7829,1.733,"Beurre, beurre clarifié (ghee)","Butter, Clarified butter (ghee)",900,0,0,100
beurre,1 c. à soupe,review,6,5308,1.65,"Beurre, léger, sans sel","Butter, light, unsalted",499,3.3,0,55.1
beurre,1 c. à soupe,review,7,6289,1.65,"Beurre d'arachides, naturel","Peanut butter, natural",585,23.68,21.51,49.66
beurre,1 c. à soupe,review,8,5509,1.567,"Beurre d'arachides, réduit en sodium","Peanut butter, reduced sodium",590,24,21.83,49.9
vinaigrette,2 c. à soupe,review,1,524,1.733,"Vinaigrette, Russe, régulière","Salad dressing, Russian, regular",355,0.69,31.9,26.18
vinaigrette,2 c. à soupe,review,2,528,1.733,"Vinaigrette, Française, hypocalorique","Salad dressing, French, low calorie",222,0.58,31.22,11.52
vinaigrette,2 c. à soupe,review,3,529,1.733,"Vinaigrette, Italienne, hypocalorique","Salad dressing, Italian, low calorie",102,0.39,9.99,6.68
vinaigrette,2 c. à soupe,review,4,531,1.733,"Vinaigrette, mayonnaise, régulière","Salad dressing, mayonnaise, regular",680,0.96,0.57,74.85
vinaigrette,2 c. à soupe,review,5,532,1.733,"Vinaigrette, Italienne, régulière","Salad dressing, Italian, regular",240,0.41,12.12,21.12
vinaigrette,2 c. à soupe,review,6,533,1.733,"Vinaigrette, Française, régulière","Salad dressing, French, regular",419,0.87,18.79,39.07
vinaigrette,2 c. à soupe,review,7,5330,1.733,"Vinaigrette, ranch, régulière","Salad dressing, ranch dressing, regular",430,1.32,5.9,44.54
vinaigrette,2 c. à soupe,review,8,5515,1.733,"Vinaigrette, César, régulière","Salad dressing, Caesar dressing, regular",542,2.17,3.3,57.85
sauce ranch,2 c. à soupe,review,1,7641,0.493,"Aliments prêts à manger, sandwich roulé, poulet pané dans un tortilla avec laitue, fromage, tomates et sauce ranch","Fast foods, sandwich, breaded chicken in tortilla wrap, with lettuce, cheese, and ranch sauce",275,11.48,23.22,15.1
sauce ranch,2 c. à soupe,review,2,7642,0.493,"Aliments prêts à manger, sandwich roulé, poulet grillé dans un tortilla avec laitue, fromage, tomates et sauce ranch","Fast foods, sandwich, grilled chicken in tortilla wrap, with lettuce, cheese, and ranch sauce",222,13.77,18.43,10.31
sauce ranch,2 c. à soupe,review,3,22,0.45,Fromage carvi,"Cheese, caraway",376,25.18,3.06,29.2
sauce ranch,2 c. à soupe,review,4,88,0.45,"Oeuf, canard, entier, frais, cru","Egg, duck, whole, fresh, raw",186,12.81,1.45,13.77
sauce ranch,2 c. à soupe,review,5,89,0.45,"Oeuf, oie, entier, frais, cru","Egg, goose, whole, fresh, raw",185,13.87,1.35,13.27
sauce ranch,2 c. à soupe,review,6,90,0.45,"Oeuf, caille, entier, frais, cru","Egg, quail, whole, fresh, raw",159,13.05,0.41,11.09
sauce ranch,2 c. à soupe,review,7,91,0.45,"Oeuf, dinde, entier, frais, cru","Egg, turkey, whole, fresh, raw",171,13.68,1.15,11.88
sauce ranch,2 c. à soupe,review,8,173,0.45,"Épices, carvi, graines","Spices, caraway seed",333,19.77,49.9,14.59
sauce césar,2 c. à soupe,review,1,5515,0.85,"Vinaigrette, César, régulière","Salad dressing, Caesar dressing, regular",542,2.17,3.3,57.85
sauce césar,2 c. à soupe,review,2,22,0.45,Fromage carvi,"Cheese, caraway",376,25.18,3.06,29.2
sauce césar,2 c. à soupe,review,3,88,0.45,"Oeuf, canard, entier, frais, cru","Egg, duck, whole, fresh, raw",186,12.81,1.45,13.77
sauce césar,2 c. à soupe,review,4,89,0.45,"Oeuf, oie, entier, frais, cru","Egg, goose, whole, fresh, raw",185,13.87,1.35,13.27
sauce césar,2 c. à soupe,review,5,90,0.45,"Oeuf, caille, entier, frais, cru","Egg, quail, whole, fresh, raw",159,13.05,0.41,11.09
sauce césar,2 c. à soupe,review,6,91,0.45,"Oeuf, dinde, entier, frais, cru","Egg, turkey, whole, fresh, raw",171,13.68,1.15,11.88
sauce césar,2 c. à soupe,review,7,173,0.45,"Épices, carvi, graines","Spices, caraway seed",333,19.77,49.9,14.59
sauce césar,2 c. à soupe,review,8,212,0.45,"Épices, basilic, frais","Spices, basil, fresh",22,3.15,2.65,0.64
miel,1 c. à soupe,review,1,1605,0.5,"Melon, miel (honeydew), cru","Melon, honeydew, raw",36,0.54,9.09,0.14
miel,1 c. à soupe,review,2,7336,0.45,"Saucisse, miel et ail, porc, crue","Sausage, honey garlic, pork, raw",260,17.73,2.19,19.52
miel,1 c. à soupe,review,3,1335,0.333,"Céréale, prête-à-manger, Croque Nature: original, faible en gras, Quaker","Cereal, ready to eat, Harvest Crunch: Honey Nut, Light and Crisp, Quaker",431,9.41,75.1,11.36
confiture,1 c. à soupe,review,1,1681,0.25,"Jambose (pommes de rose), crue","Rose-apple, raw",25,0.6,5.7,0.3
pain,1 tranche,review,1,3700,1.9,"Pain, Italien","Bread, Italian",260,8.82,49.44,2.51
pain,1 tranche,review,2,3711,1.9,"Pain, seigle foncé (pumpernickel)","Bread, pumpernickel",251,7.33,51.05,1.65
pain,1 tranche,review,3,4065,1.9,"Pain, seigle","Bread, rye",251,9.04,48.78,1.99
pain,1 tranche,review,4,4082,1.9,"Pain, bannique (banique)","Bread, bannock",340,5.583,33.522,20.092
pain,1 tranche,review,5,6785,1.9,Pain de pommes de terre (patates),"Bread, potato",266,12.5,47.07,3.13
pain,1 tranche,review,6,7071,1.9,Pain au fromage,"Bread, cheese",408,10.42,44.83,20.83
pain,1 tranche,review,7,7087,1.9,Pain à l'ail,"Bread, garlic",350,8.36,41.72,16.61
pain,1 tranche,review,8,4060,1.77,"Pain, chapelure, séché, émiettée, assaisonnée","Bread crumbs, dry, grated, seasoned",384,14.13,68.49,5.48
riz,1 tasse cuite,medium,1,7448,1.9,Riz espagnol,"Rice, Spanish rice",185,3.28,31.16,5.29
riz,1 tasse cuite,medium,2,7441,1.65,"Riz espagnol, mélange, non préparé","Rice, spanish rice mix, unprepared",363,10.62,76.45,1.62
riz,1 tasse cuite,medium,3,7442,1.65,"Riz espagnol, mélange, préparé","Rice, spanish rice mix, prepared",125,3.27,22.74,2.38
riz,1 tasse cuite,medium,4,7696,1.567,"Riz, saveur de fromage, mélange sec, non préparé","Rice, cheese flavour, dry mix, unprepared",362,8.77,73.88,3.51
riz,1 tasse cuite,medium,5,7701,1.567,"Riz, blanc et sausage, arômatisé, non préparé","Rice, white and wild, flavoured, unprepared",142,3.49,26.28,2.57
riz,1 tasse cuite,medium,6,4428,0.5,"Grains céréaliers, son de riz, brut","Grains, rice bran, crude",316,13.35,49.69,20.85
riz,1 tasse cuite,medium,7,1563,0.25,"Pamplemousse rose ou rouge, californie ou arizona, cru","Grapefruit, pink or red, california or arizona, raw",37,0.5,9.69,0.1
riz,1 tasse cuite,medium,8,4180,0.25,"Bonbons, réglisse, fraises","Candies, licorice, strawberry",348,2.56,79.16,2.32
pâtes,1 tasse cuite,review,1,4503,2.05,"Pâtes, fraîches-réfrigérées, nature, cuites","Pasta, fresh-refrigerated, plain, cooked",131,5.15,24.93,1.05
pâtes,1 tasse cuite,review,2,4505,2.05,"Pâtes, fraîches-réfrigérées, épinards, cuites","Pasta, fresh-refrigerated, spinach, cooked",130,5.06,25.04,0.94
pâtes,1 tasse cuite,review,3,6643,2.05,"Restaurant chinois, nouilles, croquantes","Pasta, noodles, crunchy, Chinese restaurant",522,10.33,51.9,31.72
pâtes,1 tasse cuite,review,4,4502,2.017,"Pâtes, fraîches-réfrigérées, nature, telles qu'achetées","Pasta, fresh-refrigerated, plain, as purchased",288,11.31,54.73,2.3
pâtes,1 tasse cuite,review,5,4504,2.017,"Pâtes, fraîches-réfrigérées, épinards, telles qu'achetées","Pasta, fresh-refrigerated, spinach, as purchased",289,11.26,55.72,2.1
pâtes,1 tasse cuite,review,6,5455,1.961,"Pâtes, fraîches-réfrigérées, tortellinis au fromage, tel qu'acheté","Pasta, fresh-refrigerated, tortellini with cheese filling, as purchased",307,13.5,47,7.23
pâtes,1 tasse cuite,review,7,4453,1.733,"Pâtes, maïs, cuites","Pasta, corn, cooked",126,2.63,27.91,0.73
pâtes,1 tasse cuite,review,8,4874,1.65,"Pâtes, nouilles de riz, cuites","Pasta, rice noodles, cooked",108,1.79,24.01,0.2
skyr 0%,1 contenant (150 g),review,1,7910,0.783,"Crumpets, nature","Crumpets, plain",214.4178,6.296156412,45.627543588,0.747
skyr 0%,1 contenant (150 g),review,2,6596,0.65,"Barre granola, croquante, nature","Granola bar, crunchy, plain",480,9.013,64.3897,21.507
skyr 0%,1 contenant (150 g),review,3,4503,0.617,"Pâtes, fraîches-réfrigérées, nature, cuites","Pasta, fresh-refrigerated, plain, cooked",131,5.15,24.93,1.05
skyr 0%,1 contenant (150 g),review,4,2676,0.575,"Boeuf, pointe de poitrine, maigre, 0mm (0) paré, cru","Beef, brisket, lean, 0mm (0) trim, raw",157,20.72,0.6,7.37
skyr 0%,1 contenant (150 g),review,5,4502,0.575,"Pâtes, fraîches-réfrigérées, nature, telles qu'achetées","Pasta, fresh-refrigerated, plain, as purchased",288,11.31,54.73,2.3
skyr 0%,1 contenant (150 g),review,6,1240,0.561,"Céréale, prête-à-manger, Croque Nature: original, Quaker","Cereal, ready to eat, Harvest Crunch: original, Quaker",459,9.52,69.71,17.04
skyr 0%,1 contenant (150 g),review,7,6285,0.561,"Boeuf, coupes diverses, boeuf à ragout, 0mm (0) paré, cru","Beef, composite cuts, stewing beef, 0mm (0) trim, raw",153,21.428,0,6.637
skyr 0%,1 contenant (150 g),review,8,6995,0.55,"Yogourt, fromage frais (quark), sans gras, nature, sans sel ajouté","Yogourt (yogurt), fresh cheese-type (quark), fat free, plain, unsalted",64,11.23,3.49,0.239
yogourt,3/4 tasse,review,1,6997,2.1,"Yogourt, garniture granola/céréales","Yogourt (yogurt), with crunchy granola/cereal topping",121,5.03,19.12,2.91
yogourt,3/4 tasse,review,2,6995,1.961,"Yogourt, fromage frais (quark), sans gras, nature, sans sel ajouté","Yogourt (yogurt), fresh cheese-type (quark), fat free, plain, unsalted",64,11.23,3.49,0.239
yogourt,3/4 tasse,review,3,6996,1.927,"Yogourt, fromage frais (quark), saveurs de fruits, très petit format, vitamine D ajoutée","Yogourt (yogurt), fresh cheese-type (quark), fruit flavoured, miniature size, with added Vitamin D",87,5.06,11.34,2.47
yogourt,3/4 tasse,review,4,5610,1.9,"Yogourt, tofu","Yogourt (yogurt), tofu",94,3.5,15.96,1.8
yogourt,3/4 tasse,review,5,6987,1.733,"Yogourt, soya, nature","Yogourt (yogurt), soy, plain",68,3.72,9.78,1.65
yogourt,3/4 tasse,review,6,7121,1.65,"Yogourt de chevre, nature","Yogourt (yogurt), goat, plain",74,6.38,6.52,2.41
yogourt,3/4 tasse,review,7,6989,1.6,"Yogourt, soya, saveurs de fruits","Yogourt (yogurt), soy, fruit flavoured",82,3.82,13.13,1.71
yogourt,3/4 tasse,review,8,6993,1.6,"Yogourt à boire, saveurs de fruits","Yogourt (yogurt) beverage, fruit flavoured",75,2.62,13.31,1.42
poulet,170 g,review,1,571,2.1,"Poulet à griller, abats, cru","Chicken, broiler, giblets, raw",124,17.88,1.8,4.47
poulet,170 g,review,2,574,2.1,"Poulet à griller, gésier, cru","Chicken, broiler, gizzard, raw",94,17.66,0,2.06
poulet,170 g,review,3,576,2.1,"Poulet à griller, coeur, cru","Chicken, broiler, heart, raw",153,15.55,0.71,9.33
poulet,170 g,review,4,578,2.1,"Poulet à griller, foie, cru","Chicken, broiler, liver, raw",119,16.92,0.73,4.83
poulet,170 g,review,5,641,2.1,"Poulet à rôtir, abats, cru","Chicken, roasting, giblets, raw",127,18.14,1.14,5.04
poulet,170 g,review,6,650,2.1,"Poulet à bouillir, abats, cru","Chicken, stewing, giblets, raw",168,17.89,2.13,9.21
poulet,170 g,review,7,660,2.1,"Poulet, chapon, abats, cru","Chicken, capon, giblets, raw",130,18.28,1.42,5.18
poulet,170 g,review,8,918,2.1,"Poulet, haché, maigre, cru","Chicken, ground, lean, raw",143,17.44,0.04,8.1
fromage,30 g,medium,1,22,2.35,Fromage carvi,"Cheese, caraway",376,25.18,3.06,29.2
fromage,30 g,medium,2,2,1.9,Soufflé au fromage,Cheese souffle,204,9.54415,5.911,15.7047
fromage,30 g,medium,3,18,1.9,Fromage bleu,"Cheese, blue",353,21.4,2.34,28.74
fromage,30 g,medium,4,19,1.9,Fromage brick,"Cheese, brick",395,24.46,4.74,30.958
fromage,30 g,medium,5,20,1.9,Fromage brie,"Cheese, brie",359,18.38,6.86,28.899
fromage,30 g,medium,6,21,1.9,Fromage camembert,"Cheese, camembert",300,19.8,0.46,24.26
fromage,30 g,medium,7,23,1.9,Fromage cheshire,"Cheese, cheshire",387,23.37,4.78,30.6
fromage,30 g,medium,8,24,1.9,Fromage colby,"Cheese, colby",394,23.76,2.57,32.11
lait,1 tasse,review,1,2932,2.05,"Lait frappé (restauration-minute), fraise","Milkshake (fast food), strawberry",113,3.4,18.9,2.8
lait,1 tasse,review,2,7723,2.017,"Lait, liquide, fraise, 1% M.G.","Milk, fluid, strawberry, 1% M.F.",58,3.09,9.61,0.894
lait,1 tasse,review,3,7721,1.95,"Lait, liquide, saveurs autres que chocolat et fraise, 1% M.G.","Milk, fluid, flavours not chocolate or strawberry, 1% M.G.",61,3.34,8.06,1.818
lait,1 tasse,review,4,7724,1.695,"Lait, liquide, fraise, réduit en sucre, 1% M.G.","Milk, fluid, strawberry, reduced sugar, 1% M.F.",49,2.13,8.05,0.965
lait,1 tasse,review,5,69,1.65,"Lait, liquide, chocolat, entier","Milk, fluid, chocolate, whole",83,3.17,10.34,3.39
lait,1 tasse,review,6,74,1.65,"Lait, liquide, brebis, entier","Milk, fluid, sheep, whole",108,5.98,5.36,7
lait,1 tasse,review,7,75,1.65,"Lait frappé, chocolat, épais","Milkshake, chocolate, thick",119,3.05,21.15,2.7
lait,1 tasse,review,8,76,1.65,"Lait frappé, vanille, épais","Milkshake, vanilla, thick",112,3.86,17.75,3.03
chips,28 g,review,1,4117,0.85,"Grignotises, croustilles de pommes de terre, barbecue","Snacks, potato chips, barbecue",487,6.51,55.92,31.06
chips,28 g,review,2,4369,0.85,"Grignotises, croustilles de pommes de terre, fromage","Snacks, potato chips, cheese",496,8.5,57.7,27.2
chips,28 g,review,3,6257,0.75,"Grignotises, croustilles de patates douces, non salées","Snacks, sweet potato chips, unsalted",532,2.94,56.82,32.35
chips,28 g,review,4,7248,0.75,"Grignotises, croustilles de pommes de terre, légèrement salées","Snacks, potato chips, lightly salted",560,6.72,53.54,35.39
chips,28 g,review,5,7771,0.75,"Grignotises, croustilles de patates douces, salées","Snacks, sweet potato chips, salted",532,2.94,56.82,32.35
chips,28 g,review,6,2240,0.7,"Patate douce, crue","Sweet potato, raw",86,1.57,20.12,0.05
chips,28 g,review,7,2417,0.7,"Pomme de terre, chair, crue","Potato, flesh, raw",77,2.02,17.47,0.09
chips,28 g,review,8,2418,0.7,"Pomme de terre, pelure, crue","Potato, skin, raw",58,2.57,12.44,0.1
salade,1 bol,review,1,5516,1.733,"Vinaigrette, salade de chou","Salad dressing, coleslaw",404,0.85,22.4,34.53
salade,1 bol,review,2,6738,1.733,"Salade grecque, faite maison","Salad, Greek, homemade",126,3.334,3.934,11.352
salade,1 bol,review,3,6741,1.733,"Salade César, faite maison","Salad, Caesar, homemade",157,4.669,6.107,13.165
salade,1 bol,review,4,524,1.65,"Vinaigrette, Russe, régulière","Salad dressing, Russian, regular",355,0.69,31.9,26.18
salade,1 bol,review,5,531,1.65,"Vinaigrette, mayonnaise, régulière","Salad dressing, mayonnaise, regular",680,0.96,0.57,74.85
salade,1 bol,review,6,532,1.65,"Vinaigrette, Italienne, régulière","Salad dressing, Italian, regular",240,0.41,12.12,21.12
salade,1 bol,review,7,533,1.65,"Vinaigrette, Française, régulière","Salad dressing, French, regular",419,0.87,18.79,39.07
salade,1 bol,review,8,5330,1.65,"Vinaigrette, ranch, régulière","Salad dressing, ranch dressing, regular",430,1.32,5.9,44.54
ricotta,1/2 tasse,review,1,43,0.3,Fromage ricotta,"Cheese, ricotta",193,9.83,6.37,14.407
poivron,1 moyen,review,1,2344,2.183,"Poivron jaune, cru","Pepper, sweet, yellow, raw",27,1,6.32,0.21
poivron,1 moyen,review,2,2413,2.183,"Poivron vert, cru","Pepper, sweet, green, raw",20,0.86,4.64,0.17
poivron,1 moyen,review,3,2484,2.183,"Poivron rouge, cru","Pepper, sweet, red, raw",26,0.99,6.03,0.3
poivron,1 moyen,review,4,5415,1.733,"Poivron vert, sauté","Pepper, sweet, green, sauteed",116,0.78,4.22,11.85
poivron,1 moyen,review,5,5417,1.733,"Poivron rouge, sauté","Pepper, sweet, red, sauteed",133,1.04,6.57,12.75
poivron,1 moyen,review,6,2414,1.65,"Poivron vert, bouilli, égoutté","Pepper, sweet, green, boiled, drained",28,0.92,6.7,0.2
poivron,1 moyen,review,7,2486,1.65,"Poivron rouge, bouilli, égoutté","Pepper, sweet, red, boiled, drained",28,0.92,6.7,0.2
poivron,1 moyen,review,8,2485,1.567,"Poivron vert, bouilli, égoutté, sel ajouté","Pepper, sweet, green, boiled, drained, with salt",26,0.92,6.11,0.2
pesto,2 c. à soupe,review,1,7591,1.733,"Sauce, pesto, prête-à-servir, réfrigérée","Sauce, pesto, ready-to-serve, refrigerated",418,9.83,10.09,37.6
pesto,2 c. à soupe,review,2,7592,1.686,"Sauce, pesto, prête-à-servir, longue conservation","Sauce, pesto, ready-to-serve, shelf stable",426,5,6.14,42.42
pesto,2 c. à soupe,review,3,22,0.45,Fromage carvi,"Cheese, caraway",376,25.18,3.06,29.2
pesto,2 c. à soupe,review,4,88,0.45,"Oeuf, canard, entier, frais, cru","Egg, duck, whole, fresh, raw",186,12.81,1.45,13.77
pesto,2 c. à soupe,review,5,89,0.45,"Oeuf, oie, entier, frais, cru","Egg, goose, whole, fresh, raw",185,13.87,1.35,13.27
pesto,2 c. à soupe,review,6,90,0.45,"Oeuf, caille, entier, frais, cru","Egg, quail, whole, fresh, raw",159,13.05,0.41,11.09
pesto,2 c. à soupe,review,7,91,0.45,"Oeuf, dinde, entier, frais, cru","Egg, turkey, whole, fresh, raw",171,13.68,1.15,11.88
pesto,2 c. à soupe,review,8,173,0.45,"Épices, carvi, graines","Spices, caraway seed",333,19.77,49.9,14.59
veau,150 g,review,1,3561,2.183,"Veau, haché, cru","Veal, ground, raw",197,18.58,0,13.06
veau,150 g,review,2,3603,2.183,"Veau, cervelle, cru","Veal, brain, raw",118,10.32,0,8.21
veau,150 g,review,3,3608,2.183,"Veau, coeur, cru","Veal, heart, raw",110,17.18,0.08,3.98
veau,150 g,review,4,3612,2.183,"Veau, rognon, cru","Veal, kidney, raw",99,15.76,0.85,3.12
veau,150 g,review,5,3617,2.183,"Veau, foie, cru","Veal, liver, raw",140,19.93,2.91,4.85
veau,150 g,review,6,3622,2.183,"Veau, poumons, cru","Veal, lungs, raw",90,16.3,0,2.3
veau,150 g,review,7,3627,2.183,"Veau, pancréas, cru","Veal, pancreas, raw",182,15,0,13.1
veau,150 g,review,8,3631,2.183,"Veau, rate, cru","Veal, spleen, raw",98,18.3,0,2.2
viande effilochée,150 g,review,1,2650,0.7,"Boeuf, cervelle, crue","Beef, brain, raw",143,10.86,1.05,10.3
viande effilochée,150 g,review,2,2653,0.7,"Boeuf, coeur, cru","Beef, heart, raw",112,17.72,0.14,3.94
viande effilochée,150 g,review,3,2658,0.7,"Boeuf, poumon, cru","Beef, lungs, raw",92,16.2,0,2.5
viande effilochée,150 g,review,4,2661,0.7,"Boeuf, pancréas, cru","Beef, pancreas, raw",235,15.7,0,18.6
viande effilochée,150 g,review,5,2663,0.7,"Boeuf, rate, cru","Beef, spleen, raw",105,18.3,0,3
viande effilochée,150 g,review,6,2665,0.7,"Boeuf, graisse de rognons (suif), cru","Beef, suet, raw",854,1.5,0,94
viande effilochée,150 g,review,7,2666,0.7,"Boeuf, thymus, cru","Beef, thymus, raw",236,12.18,0,20.35
viande effilochée,150 g,review,8,2668,0.7,"Boeuf, langue, cru","Beef, tongue, raw",224,14.9,3.68,16.09
porc effiloché,150 g,medium,1,7093,1.8,Porc effiloché dans une sauce barbecue,Pulled pork in barbecue sauce,168,13.19,18.74,4.42
porc effiloché,150 g,medium,2,1832,0.7,"Porc, cervelle, crue","Pork, brains, raw",127,10.28,0,9.21
porc effiloché,150 g,medium,3,1838,0.7,"Porc, pieds, crus","Pork, feet, raw",213,23.16,0,12.59
porc effiloché,150 g,medium,4,1839,0.7,"Porc, coeur, cru","Pork, heart, raw",118,17.27,1.33,4.36
porc effiloché,150 g,medium,5,1841,0.7,"Porc, bajoue, crue","Pork, jowl, raw",655,6.38,0,69.61
porc effiloché,150 g,medium,6,1843,0.7,"Porc, panne, cru","Pork, leaf fat, raw",857,1.76,0,94.16
porc effiloché,150 g,medium,7,1844,0.7,"Porc, foie, cru","Pork, liver, raw",134,21.39,2.47,3.65
porc effiloché,150 g,medium,8,1846,0.7,"Porc, poumons, crus","Pork, lungs, raw",85,14.08,0,2.72
petits fruits,1 tasse,review,1,1997,0.7,"Margose, fruits, crus","Balsam-pear (bitter gourd, bitter melon), pods, raw",17,1,3.7,0.17
petits fruits,1 tasse,review,2,2409,0.65,"Pois, petits (verts), crus","Peas, green, raw",81,5.42,14.45,0.4
petits fruits,1 tasse,review,3,7484,0.645,"Aliment pour bébé, fruits, en pot, pommes et petits fruits (bleuets, framboises ou fraises), toutes les étapes","Babyfood, fruit, jarred, apple and berries (blueberries, raspberries or strawberries), all stages",52,0.35,14.22,0.02
petits fruits,1 tasse,review,4,7293,0.636,"Chausson aux fruits, (pommes, petits fruits, cerises, pêches)","Turnover, fruit (apple, berry, cherry, peach)",334,4.211,41.351,17.269
petits fruits,1 tasse,review,5,2507,0.617,"Graines, fruits à pain, graines, crues","Seeds, breadfruit seeds, raw",191,7.4,29.24,5.59
petits fruits,1 tasse,review,6,2571,0.617,"Noix, fruits de ginkgo, crues","Nuts, ginkgo nuts, raw",182,4.32,37.6,1.68
petits fruits,1 tasse,review,7,3004,0.617,"Poisson, anguille, espèces diverses, crues","Fish, eel, mixed species, raw",184,18.44,0,11.66
petits fruits,1 tasse,review,8,3009,0.617,"Poisson, merou, espèces diverses, crues","Fish, grouper, mixed species, raw",92,19.38,0,1.02
fruits mélangés,1 tasse,review,1,2571,0.783,"Noix, fruits de ginkgo, crues","Nuts, ginkgo nuts, raw",182,4.32,37.6,1.68
fruits mélangés,1 tasse,review,2,1997,0.7,"Margose, fruits, crus","Balsam-pear (bitter gourd, bitter melon), pods, raw",17,1,3.7,0.17
fruits mélangés,1 tasse,review,3,5618,0.65,"Barre de petit déjeuner, croûte de flocons de maïs avec fruits","Breakfast bar, corn flake crust with fruit",376,4.4,72.8,7.5
fruits mélangés,1 tasse,review,4,3095,0.632,"Crustacés, crabe royal d'alaska, imitation (fruits de mer surimi)","Crustaceans, crab, alaska king, imitation (seafood surimi)",95,7.62,15,0.46
fruits mélangés,1 tasse,review,5,1577,0.617,"Cerise de terre, crue","Groundcherry, raw",53,1.9,11.2,0.7
fruits mélangés,1 tasse,review,6,1582,0.617,"Prune de java, crue","Java-plum, raw",60,0.72,15.56,0.23
fruits mélangés,1 tasse,review,7,1668,0.617,"Figue de Barbarie, crue","Prickly pear, raw",41,0.73,9.57,0.51
fruits mélangés,1 tasse,review,8,2101,0.617,"Oreilles de Judas, crues","Jew's ear (cloud or wood ear, pepeao), raw",25,0.48,6.75,0.04
ravioli,1 tasse,review,1,7103,1.37,"Ravioli au fromage, conserve","Ravioli, cheese-filled, canned",77,2.48,13.64,1.45
ravioli,1 tasse,review,2,7036,1.245,"Ravioli, sauce aux tomates et fromage, congelé, non préparé","Ravioli, cheese and tomato sauce, frozen, not prepared",111,4.52,17.31,2.61
ravioli,1 tasse,review,3,7101,1.245,"Ravioli à la viande, avec sauce aux tomates ou à la viande, conserve","Ravioli, meat-filled, with tomato or meat sauce, canned",97,3.24,13.26,3.41
ravioli,1 tasse,review,4,7274,1.211,"Ravioli chinois ou wonton (potsticker), porc et légumes, congelé, non préparé","Potsticker or wonton, pork and vegetable, frozen, unprepared",136,8.28,13.28,5.52
spaghetti bolognaise,1 assiette,review,1,2458,0.65,"Courge d'hiver, spaghetti, crue","Squash, winter, spaghetti, raw",31,0.64,6.91,0.57
spaghetti bolognaise,1 assiette,review,2,22,0.45,Fromage carvi,"Cheese, caraway",376,25.18,3.06,29.2
spaghetti bolognaise,1 assiette,review,3,88,0.45,"Oeuf, canard, entier, frais, cru","Egg, duck, whole, fresh, raw",186,12.81,1.45,13.77
spaghetti bolognaise,1 assiette,review,4,89,0.45,"Oeuf, oie, entier, frais, cru","Egg, goose, whole, fresh, raw",185,13.87,1.35,13.27
spaghetti bolognaise,1 assiette,review,5,90,0.45,"Oeuf, caille, entier, frais, cru","Egg, quail, whole, fresh, raw",159,13.05,0.41,11.09
spaghetti bolognaise,1 assiette,review,6,91,0.45,"Oeuf, dinde, entier, frais, cru","Egg, turkey, whole, fresh, raw",171,13.68,1.15,11.88
spaghetti bolognaise,1 assiette,review,7,173,0.45,"Épices, carvi, graines","Spices, caraway seed",333,19.77,49.9,14.59
spaghetti bolognaise,1 assiette,review,8,212,0.45,"Épices, basilic, frais","Spices, basil, fresh",22,3.15,2.65,0.64
carbonara,1 assiette,review,1,2458,0.65,"Courge d'hiver, spaghetti, crue","Squash, winter, spaghetti, raw",31,0.64,6.91,0.57
carbonara,1 assiette,review,2,22,0.45,Fromage carvi,"Cheese, caraway",376,25.18,3.06,29.2
carbonara,1 assiette,review,3,88,0.45,"Oeuf, canard, entier, frais, cru","Egg, duck, whole, fresh, raw",186,12.81,1.45,13.77
carbonara,1 assiette,review,4,89,0.45,"Oeuf, oie, entier, frais, cru","Egg, goose, whole, fresh, raw",185,13.87,1.35,13.27
carbonara,1 assiette,review,5,90,0.45,"Oeuf, caille, entier, frais, cru","Egg, quail, whole, fresh, raw",159,13.05,0.41,11.09
carbonara,1 assiette,review,6,91,0.45,"Oeuf, dinde, entier, frais, cru","Egg, turkey, whole, fresh, raw",171,13.68,1.15,11.88
carbonara,1 assiette,review,7,173,0.45,"Épices, carvi, graines","Spices, caraway seed",333,19.77,49.9,14.59
carbonara,1 assiette,review,8,212,0.45,"Épices, basilic, frais","Spices, basil, fresh",22,3.15,2.65,0.64
boeuf bourguignon,1 portion,review,1,2650,0.7,"Boeuf, cervelle, crue","Beef, brain, raw",143,10.86,1.05,10.3
boeuf bourguignon,1 portion,review,2,2653,0.7,"Boeuf, coeur, cru","Beef, heart, raw",112,17.72,0.14,3.94
boeuf bourguignon,1 portion,review,3,2658,0.7,"Boeuf, poumon, cru","Beef, lungs, raw",92,16.2,0,2.5
boeuf bourguignon,1 portion,review,4,2661,0.7,"Boeuf, pancréas, cru","Beef, pancreas, raw",235,15.7,0,18.6
boeuf bourguignon,1 portion,review,5,2663,0.7,"Boeuf, rate, cru","Beef, spleen, raw",105,18.3,0,3
boeuf bourguignon,1 portion,review,6,2666,0.7,"Boeuf, thymus, cru","Beef, thymus, raw",236,12.18,0,20.35
boeuf bourguignon,1 portion,review,7,2668,0.7,"Boeuf, langue, cru","Beef, tongue, raw",224,14.9,3.68,16.09
boeuf bourguignon,1 portion,review,8,2670,0.7,"Boeuf, tripe, cru","Beef, tripe, raw",85,12.07,0,3.69
blanquette de veau,1 portion,review,1,3532,0.736,"Veau de lait, côtelette, maigre, cru","Veal, milk-fed, rib chop, lean, raw",113,20.361,0,2.848
blanquette de veau,1 portion,review,2,3654,0.736,"Veau de grain, longe, maigre, cru","Veal, grain-fed, loin chop, lean, raw",105,21.49,0,1.5
blanquette de veau,1 portion,review,3,3658,0.736,"Veau de grain, côtelette, maigre, cru","Veal, grain-fed, rib chop, lean, raw",110,22.7,0,1.26
blanquette de veau,1 portion,review,4,3666,0.7,"Veau de grain, épaule, jarret, maigre, cru","Veal, grain-fed, shoulder, shank, lean, raw",94,19.2,0,1.35
blanquette de veau,1 portion,review,5,5221,0.7,"Veau de grain, épaule, bifteck de palette, cru","Veal, grain-fed, shoulder, blade steak, lean, raw",109,21.461,0,1.886
blanquette de veau,1 portion,review,6,3518,0.672,"Veau de lait, escalopes (ronde d'intérieur), cru","Veal, milk-fed, cutlets (inside top round), raw",94,20.721,0,0.594
blanquette de veau,1 portion,review,7,3529,0.672,"Veau de lait, côtelette, maigre et gras, cru","Veal, milk-fed, rib chop, lean and fat, raw",237,16.872,0,18.221
blanquette de veau,1 portion,review,8,3649,0.672,"Veau de grain, escalopes (ronde d'intérieur), cru","Veal, grain-fed, cutlets (inside top round), raw",105,22.326,0,1.033
coq au vin,1 portion,review,1,3080,0.541,"Poisson, thon rouge, frais, cuit au four ou grillé","Fish, tuna, bluefin, fresh, baked or broiled",184,29.91,0,6.28
coq au vin,1 portion,review,2,5455,0.541,"Pâtes, fraîches-réfrigérées, tortellinis au fromage, tel qu'acheté","Pasta, fresh-refrigerated, tortellini with cheese filling, as purchased",307,13.5,47,7.23
coq au vin,1 portion,review,3,7361,0.541,"Saucisse, épicée au boeuf et poivrons rouges rôtis, crue","Sausage, spicy beef and roasted red pepper, raw",283,12.35,8.64,21.83
coq au vin,1 portion,review,4,1486,0.527,"Pomme, crue, sans pelure, tranchée, cuite au four à micro-ondes","Apple, raw, without skin, sliced, cooked, microwaved",56,0.28,14.41,0.42
coq au vin,1 portion,review,5,6791,0.527,"Haricots (italiens, jaunes ou verts), frais, cuits au four micro-ondes","Beans, snap (Italian, green or yellow), fresh, microwaved",33,2.31,6.41,0.5
coq au vin,1 portion,review,6,22,0.45,Fromage carvi,"Cheese, caraway",376,25.18,3.06,29.2
coq au vin,1 portion,review,7,88,0.45,"Oeuf, canard, entier, frais, cru","Egg, duck, whole, fresh, raw",186,12.81,1.45,13.77
coq au vin,1 portion,review,8,89,0.45,"Oeuf, oie, entier, frais, cru","Egg, goose, whole, fresh, raw",185,13.87,1.35,13.27
hachis parmentier,1 portion,review,1,22,0.45,Fromage carvi,"Cheese, caraway",376,25.18,3.06,29.2
hachis parmentier,1 portion,review,2,88,0.45,"Oeuf, canard, entier, frais, cru","Egg, duck, whole, fresh, raw",186,12.81,1.45,13.77
hachis parmentier,1 portion,review,3,89,0.45,"Oeuf, oie, entier, frais, cru","Egg, goose, whole, fresh, raw",185,13.87,1.35,13.27
hachis parmentier,1 portion,review,4,90,0.45,"Oeuf, caille, entier, frais, cru","Egg, quail, whole, fresh, raw",159,13.05,0.41,11.09
hachis parmentier,1 portion,review,5,91,0.45,"Oeuf, dinde, entier, frais, cru","Egg, turkey, whole, fresh, raw",171,13.68,1.15,11.88
hachis parmentier,1 portion,review,6,173,0.45,"Épices, carvi, graines","Spices, caraway seed",333,19.77,49.9,14.59
hachis parmentier,1 portion,review,7,212,0.45,"Épices, basilic, frais","Spices, basil, fresh",22,3.15,2.65,0.64
hachis parmentier,1 portion,review,8,213,0.45,"Épices, aneth, frais","Spices, dill weed, fresh",43,3.46,7.02,1.12
gratin dauphinois,1 portion,review,1,22,0.45,Fromage carvi,"Cheese, caraway",376,25.18,3.06,29.2
gratin dauphinois,1 portion,review,2,88,0.45,"Oeuf, canard, entier, frais, cru","Egg, duck, whole, fresh, raw",186,12.81,1.45,13.77
gratin dauphinois,1 portion,review,3,89,0.45,"Oeuf, oie, entier, frais, cru","Egg, goose, whole, fresh, raw",185,13.87,1.35,13.27
gratin dauphinois,1 portion,review,4,90,0.45,"Oeuf, caille, entier, frais, cru","Egg, quail, whole, fresh, raw",159,13.05,0.41,11.09
gratin dauphinois,1 portion,review,5,91,0.45,"Oeuf, dinde, entier, frais, cru","Egg, turkey, whole, fresh, raw",171,13.68,1.15,11.88
gratin dauphinois,1 portion,review,6,173,0.45,"Épices, carvi, graines","Spices, caraway seed",333,19.77,49.9,14.59
gratin dauphinois,1 portion,review,7,212,0.45,"Épices, basilic, frais","Spices, basil, fresh",22,3.15,2.65,0.64
gratin dauphinois,1 portion,review,8,213,0.45,"Épices, aneth, frais","Spices, dill weed, fresh",43,3.46,7.02,1.12
croque monsieur,1,review,1,1240,0.561,"Céréale, prête-à-manger, Croque Nature: original, Quaker","Cereal, ready to eat, Harvest Crunch: original, Quaker",459,9.52,69.71,17.04
croque monsieur,1,review,2,6908,0.55,"Céréale, prête-a-manger, Croque pain doré, General Mills","Cereal, ready to eat, French Toast Crunch, General Mills",385,3.92,87.26,3.47
croque monsieur,1,review,3,1335,0.533,"Céréale, prête-à-manger, Croque Nature: original, faible en gras, Quaker","Cereal, ready to eat, Harvest Crunch: Honey Nut, Light and Crisp, Quaker",431,9.41,75.1,11.36
croque monsieur,1,review,4,1337,0.533,"Céréale, prête-à-manger, Croque Nature: raisins secs et amandes, Quaker","Cereal, ready to eat, Harvest Crunch: Raisins and almonds, Quaker",460,8.41,69.97,16.25
croque monsieur,1,review,5,1336,0.521,"Céréale, prête-à-manger, Croque Nature: raisins avec amandes, faible en gras, Quaker","Cereal, ready to eat, Harvest Crunch: Raisins with almonds, low fat, Quaker",435,8,74.77,11.53
croque monsieur,1,review,6,22,0.45,Fromage carvi,"Cheese, caraway",376,25.18,3.06,29.2
croque monsieur,1,review,7,88,0.45,"Oeuf, canard, entier, frais, cru","Egg, duck, whole, fresh, raw",186,12.81,1.45,13.77
croque monsieur,1,review,8,89,0.45,"Oeuf, oie, entier, frais, cru","Egg, goose, whole, fresh, raw",185,13.87,1.35,13.27
croque madame,1,review,1,1240,0.561,"Céréale, prête-à-manger, Croque Nature: original, Quaker","Cereal, ready to eat, Harvest Crunch: original, Quaker",459,9.52,69.71,17.04
croque madame,1,review,2,6908,0.55,"Céréale, prête-a-manger, Croque pain doré, General Mills","Cereal, ready to eat, French Toast Crunch, General Mills",385,3.92,87.26,3.47
croque madame,1,review,3,1335,0.533,"Céréale, prête-à-manger, Croque Nature: original, faible en gras, Quaker","Cereal, ready to eat, Harvest Crunch: Honey Nut, Light and Crisp, Quaker",431,9.41,75.1,11.36
croque madame,1,review,4,1337,0.533,"Céréale, prête-à-manger, Croque Nature: raisins secs et amandes, Quaker","Cereal, ready to eat, Harvest Crunch: Raisins and almonds, Quaker",460,8.41,69.97,16.25
croque madame,1,review,5,1336,0.521,"Céréale, prête-à-manger, Croque Nature: raisins avec amandes, faible en gras, Quaker","Cereal, ready to eat, Harvest Crunch: Raisins with almonds, low fat, Quaker",435,8,74.77,11.53
croque madame,1,review,6,22,0.45,Fromage carvi,"Cheese, caraway",376,25.18,3.06,29.2
croque madame,1,review,7,88,0.45,"Oeuf, canard, entier, frais, cru","Egg, duck, whole, fresh, raw",186,12.81,1.45,13.77
croque madame,1,review,8,89,0.45,"Oeuf, oie, entier, frais, cru","Egg, goose, whole, fresh, raw",185,13.87,1.35,13.27
crêpe,1,review,1,7731,1.733,"Crêpe, nature, maison","Crêpe, plain, homemade",224,9.013,20.442,11.576
crêpe,1,review,2,3935,1.65,"Crêpe, nature, faite maison","Pancake, plain, homemade",227,6.4,28.3,9.7
crêpe,1,review,3,3936,1.65,"Crêpe, bleuets, faite maison","Pancake, blueberry, homemade",222,6.1,29,9.2
crêpe,1,review,4,4022,1.65,"Crêpe, babeurre, faite maison","Pancake, buttermilk, homemade",227,6.8,28.7,9.3
crêpe,1,review,5,3937,1.543,"Crêpe, sarrasin, mélange sec incomplet, non préparé","Pancake, buckwheat, dry mix, incomplete, unprepared",340,10.9,71.3,2.7
crêpe,1,review,6,3939,1.525,"Crêpe, blé entier, mélange sec incomplet, non préparé","Pancake, whole wheat, dry mix, incomplete, unprepared",350,10.53,74.11,1.32
crêpe,1,review,7,3931,1.5,"Crêpe, nature (inclut au babeurre), mélange sec complet, non préparé","Pancake, plain (includes buttermilk), dry mix, complete, unprepared",368,9.77,73.65,3.1
crêpe,1,review,8,3933,1.5,"Crêpe, nature (inclut au babeurre), mélange sec incomplet, non préparé","Pancake, plain (includes buttermilk), dry mix, incomplete, unprepared",355,10,73.6,1.7
galette bretonne,1,review,1,1577,0.617,"Cerise de terre, crue","Groundcherry, raw",53,1.9,11.2,0.7
galette bretonne,1,review,2,1582,0.617,"Prune de java, crue","Java-plum, raw",60,0.72,15.56,0.23
galette bretonne,1,review,3,1668,0.617,"Figue de Barbarie, crue","Prickly pear, raw",41,0.73,9.57,0.51
galette bretonne,1,review,4,2101,0.617,"Oreilles de Judas, crues","Jew's ear (cloud or wood ear, pepeao), raw",25,0.48,6.75,0.04
galette bretonne,1,review,5,2276,0.617,"Cresson de fontaine, cru","Watercress, raw",11,2.3,1.29,0.1
galette bretonne,1,review,6,2378,0.617,"Choux de Bruxelles, crus","Brussels sprouts, raw",43,3.38,8.95,0.3
galette bretonne,1,review,7,2558,0.617,"Noix de coco, crue","Coconut meat, raw",354,3.33,15.23,33.49
galette bretonne,1,review,8,2787,0.617,"Boeuf, rognon de, cru","Beef, kidneys, raw",99,17.4,0.29,3.09
camembert,30 g,review,1,21,0.3,Fromage camembert,"Cheese, camembert",300,19.8,0.46,24.26
brie,30 g,review,1,20,0.3,Fromage brie,"Cheese, brie",359,18.38,6.86,28.899
chèvre,30 g,review,1,7756,1.829,"Fromage de chèvre, pâte molle, aux canneberges","Cheese, goat, soft, with cranberries",298,11.09,30,15.307
chèvre,30 g,review,2,96,1.673,"Fromage de chèvre, pâte dure, (moins de 35% eau, 36% M.G.)","Cheese, goat, hard, (less than 35% water, 36% M.F.)",452,30.52,2.17,35.59
chèvre,30 g,review,3,98,1.673,"Fromage de chèvre, pâte ferme, (plus de 55% eau, 24% M.G.)","Cheese, goat, soft, (more than 55% water, 24% M.F.)",288,17.18,1.53,23.727
chèvre,30 g,review,4,97,1.631,"Fromage de chèvre, pâte demi-ferme, (35% à 55% eau, 30% M.G.)","Cheese, goat, semi-soft, (35% to 55% water, 30% M.F.)",364,21.58,0.12,29.84
chèvre,30 g,review,5,22,0.7,Fromage carvi,"Cheese, caraway",376,25.18,3.06,29.2
chèvre,30 g,review,6,1577,0.617,"Cerise de terre, crue","Groundcherry, raw",53,1.9,11.2,0.7
chèvre,30 g,review,7,1582,0.617,"Prune de java, crue","Java-plum, raw",60,0.72,15.56,0.23
chèvre,30 g,review,8,1668,0.617,"Figue de Barbarie, crue","Prickly pear, raw",41,0.73,9.57,0.51
saucisson,50 g,review,1,5669,1.65,"Saucisson de foie, tartinade",Liverwurst spread,305,12.38,5.89,25.45
saucisson,50 g,review,2,1192,1.6,"Saucisson de foie (liverwurst), porc","Liver sausage, liverwurst, pork",326,14.1,2.2,28.5
merguez,100 g,review,1,7342,0.5,"Saucisse, merguez, agneau, crue","Sausage, Merguez, lamb, raw",230,15.38,7.54,14.96
canard,150 g,review,1,666,2.1,"Canard domestiqué, foie, cru","Duck, domesticated, liver, raw",136,18.74,3.53,4.64
canard,150 g,review,2,664,2.05,"Canard domestiqué, viande seulement, crue","Duck, domesticated, meat only, raw",135,18.28,0.94,5.95
canard,150 g,review,3,662,2.017,"Canard domestiqué, viande et peau, crues","Duck, domesticated, meat and skin, raw",404,11.49,0,39.34
canard,150 g,review,4,667,1.993,"Canard sauvage, autochtone, viande et peau, crues","Duck, wild, Indigenous, meat and skin, raw",211,17.42,0,15.2
canard,150 g,review,5,668,1.993,"Canard sauvage, autochtone, poitrine, viande seulement, cru","Duck, wild, Indigenous, breast, meat only, raw",123,19.85,0,4.25
canard,150 g,review,6,5931,1.65,"Canard sauvage, autochtone, cuit","Duck, wild, Indigenous, cooked",170,30,0,4.35
canard,150 g,review,7,665,1.6,"Canard domestiqué, viande seulement, rôtie","Duck, domesticated, meat only, roasted",201,23.48,0,11.2
canard,150 g,review,8,663,1.567,"Canard domestiqué, viande et peau, rôties","Duck, domesticated, meat and skin, roasted",337,18.99,0,28.35
agneau,150 g,review,1,3600,2.183,"Agneau, cervelle, crue","Lamb, brain, raw",122,10.4,0,8.58
agneau,150 g,review,2,3606,2.183,"Agneau, coeur, cru","Lamb, heart, raw",122,16.47,0.21,5.68
agneau,150 g,review,3,3610,2.183,"Agneau, rognon, cru","Lamb, kidney, raw",97,15.74,0.82,2.95
agneau,150 g,review,4,3614,2.183,"Agneau, foie, cru","Lamb, liver, raw",139,20.38,1.78,5.02
agneau,150 g,review,5,3620,2.183,"Agneau, poumons, crus","Lamb, lungs, raw",95,16.7,0,2.6
agneau,150 g,review,6,3625,2.183,"Agneau, pancréas, cru","Lamb, pancreas, raw",152,14.84,0,9.82
agneau,150 g,review,7,3629,2.183,"Agneau, rate, crue","Lamb, spleen, raw",101,17.2,0,3.1
agneau,150 g,review,8,3635,2.183,"Agneau, langue, crue","Lamb, tongue, raw",222,15.7,0,17.17
baba ganoush,1/2 tasse,review,1,7713,0.85,"Trempette, aubergine (Baba ganoush)","Dip, eggplant (Baba ganoush)",159,4.213,12.135,11.833
baba ganoush,1/2 tasse,review,2,22,0.45,Fromage carvi,"Cheese, caraway",376,25.18,3.06,29.2
baba ganoush,1/2 tasse,review,3,88,0.45,"Oeuf, canard, entier, frais, cru","Egg, duck, whole, fresh, raw",186,12.81,1.45,13.77
baba ganoush,1/2 tasse,review,4,89,0.45,"Oeuf, oie, entier, frais, cru","Egg, goose, whole, fresh, raw",185,13.87,1.35,13.27
baba ganoush,1/2 tasse,review,5,90,0.45,"Oeuf, caille, entier, frais, cru","Egg, quail, whole, fresh, raw",159,13.05,0.41,11.09
baba ganoush,1/2 tasse,review,6,91,0.45,"Oeuf, dinde, entier, frais, cru","Egg, turkey, whole, fresh, raw",171,13.68,1.15,11.88
baba ganoush,1/2 tasse,review,7,173,0.45,"Épices, carvi, graines","Spices, caraway seed",333,19.77,49.9,14.59
baba ganoush,1/2 tasse,review,8,212,0.45,"Épices, basilic, frais","Spices, basil, fresh",22,3.15,2.65,0.64
couscous royal,1 portion,review,1,3051,0.593,"Poisson, saumon, quinnat (printemps, royal), cru","Fish, salmon, chinook (spring), raw",179,19.93,0,10.43
couscous royal,1 portion,review,2,3093,0.593,"Crustacés, crabe royal d'alaska, cru","Crustaceans, crab, alaska king, raw",84,18.29,0,0.6
couscous royal,1 portion,review,3,3094,0.55,"Crustacés, crabe royal d'alaska, à vapeur ou bouilli","Crustaceans, crab, alaska king, boiled or steamed",97,19.35,0,1.54
couscous royal,1 portion,review,4,3095,0.541,"Crustacés, crabe royal d'alaska, imitation (fruits de mer surimi)","Crustaceans, crab, alaska king, imitation (seafood surimi)",95,7.62,15,0.46
couscous royal,1 portion,review,5,22,0.45,Fromage carvi,"Cheese, caraway",376,25.18,3.06,29.2
couscous royal,1 portion,review,6,88,0.45,"Oeuf, canard, entier, frais, cru","Egg, duck, whole, fresh, raw",186,12.81,1.45,13.77
couscous royal,1 portion,review,7,89,0.45,"Oeuf, oie, entier, frais, cru","Egg, goose, whole, fresh, raw",185,13.87,1.35,13.27
couscous royal,1 portion,review,8,90,0.45,"Oeuf, caille, entier, frais, cru","Egg, quail, whole, fresh, raw",159,13.05,0.41,11.09
pho,1 grand bol,review,1,3645,0.25,"Gibier, viande, phoque du groenland, cru","Game meat, seal, harp, raw",113,23.8,0,1.3
pho,1 grand bol,review,2,5759,0.25,"Gibier, viande, autochtone, phoque barbu, viande, crue","Game meat, Indigenous, bearded seal meat, raw",121,25,0,1.4
pho,1 grand bol,review,3,5761,0.25,"Gibier, viande, autochtone, phoque barbu, intestin, cru","Game meat, Indigenous, bearded seal, intestine, raw",100,19,0,2
pho,1 grand bol,review,4,5763,0.25,"Gibier, viande, autochtone, phoque barbu, lard, cru","Game meat, Indigenous, bearded seal, blubber, raw",770,0.7,0,85
pho,1 grand bol,review,5,5778,0.25,"Gibier, viande, autochtone, phoque annelé, lard, cru","Game meat, Indigenous, ringed seal, blubber, raw",819,2.25,0,88
pho,1 grand bol,review,6,5782,0.25,"Gibier, viande, autochtone, phoque annelé, viande, crue","Game meat, Indigenous, ringed seal, meat, raw",126,23,0,1.85
pho,1 grand bol,review,7,5785,0.25,"Gibier, viande, autochtone, phoque annelé, coeur, cru","Game meat, Indigenous, ringed seal, heart, raw",113,23,0,1.9
pho,1 grand bol,review,8,5786,0.25,"Gibier, viande, autochtone, phoque annelé, cervelle, crue","Game meat, Indigenous, ringed seal, brain, raw",150,14,0,9.9
kimchi,1/2 tasse,review,1,7599,0.3,"Chou, kimchi","Cabbage, kimchi",15,1.1,2.4,0.5
dumplings,6 morceaux,review,1,7601,0.7,"Brocoli, chinois, cru","Broccoli, chinese, raw",26,1.2,4.67,0.76
dumplings,6 morceaux,review,2,6643,0.65,"Restaurant chinois, nouilles, croquantes","Pasta, noodles, crunchy, Chinese restaurant",522,10.33,51.9,31.72
dumplings,6 morceaux,review,3,2277,0.593,"Waxgourd (melon d'eau chinois), cru","Waxgourd (Chinese preserving melon), raw",13,0.4,3,0.2
dumplings,6 morceaux,review,4,22,0.45,Fromage carvi,"Cheese, caraway",376,25.18,3.06,29.2
dumplings,6 morceaux,review,5,88,0.45,"Oeuf, canard, entier, frais, cru","Egg, duck, whole, fresh, raw",186,12.81,1.45,13.77
dumplings,6 morceaux,review,6,89,0.45,"Oeuf, oie, entier, frais, cru","Egg, goose, whole, fresh, raw",185,13.87,1.35,13.27
dumplings,6 morceaux,review,7,90,0.45,"Oeuf, caille, entier, frais, cru","Egg, quail, whole, fresh, raw",159,13.05,0.41,11.09
dumplings,6 morceaux,review,8,91,0.45,"Oeuf, dinde, entier, frais, cru","Egg, turkey, whole, fresh, raw",171,13.68,1.15,11.88
rouleaux impériaux,3,review,1,4001,0.75,"Wonton, enveloppe (enveloppe à rouleaux impériaux)",Wonton wrapper (egg roll wrapper),291,9.8,57.9,1.5
rouleaux impériaux,3,review,2,3051,0.617,"Poisson, saumon, quinnat (printemps, royal), cru","Fish, salmon, chinook (spring), raw",179,19.93,0,10.43
rouleaux impériaux,3,review,3,2144,0.541,"Oignon, vert (inclus le bout et le bulbe), cru","Onion, spring (green) or scallion (includes tops and bulb), raw",32,1.83,7.34,0.19
rouleaux impériaux,3,review,4,22,0.45,Fromage carvi,"Cheese, caraway",376,25.18,3.06,29.2
rouleaux impériaux,3,review,5,88,0.45,"Oeuf, canard, entier, frais, cru","Egg, duck, whole, fresh, raw",186,12.81,1.45,13.77
rouleaux impériaux,3,review,6,89,0.45,"Oeuf, oie, entier, frais, cru","Egg, goose, whole, fresh, raw",185,13.87,1.35,13.27
rouleaux impériaux,3,review,7,90,0.45,"Oeuf, caille, entier, frais, cru","Egg, quail, whole, fresh, raw",159,13.05,0.41,11.09
rouleaux impériaux,3,review,8,91,0.45,"Oeuf, dinde, entier, frais, cru","Egg, turkey, whole, fresh, raw",171,13.68,1.15,11.88
dal,1 bol,review,1,2113,0.7,"Lentilles, germées, crues","Lentils, sprouted, raw",106,8.96,22.14,0.55
dal,1 bol,review,2,22,0.45,Fromage carvi,"Cheese, caraway",376,25.18,3.06,29.2
dal,1 bol,review,3,88,0.45,"Oeuf, canard, entier, frais, cru","Egg, duck, whole, fresh, raw",186,12.81,1.45,13.77
dal,1 bol,review,4,89,0.45,"Oeuf, oie, entier, frais, cru","Egg, goose, whole, fresh, raw",185,13.87,1.35,13.27
dal,1 bol,review,5,90,0.45,"Oeuf, caille, entier, frais, cru","Egg, quail, whole, fresh, raw",159,13.05,0.41,11.09
dal,1 bol,review,6,91,0.45,"Oeuf, dinde, entier, frais, cru","Egg, turkey, whole, fresh, raw",171,13.68,1.15,11.88
dal,1 bol,review,7,173,0.45,"Épices, carvi, graines","Spices, caraway seed",333,19.77,49.9,14.59
dal,1 bol,review,8,212,0.45,"Épices, basilic, frais","Spices, basil, fresh",22,3.15,2.65,0.64
butter chicken,1 portion,review,1,571,0.65,"Poulet à griller, abats, cru","Chicken, broiler, giblets, raw",124,17.88,1.8,4.47
butter chicken,1 portion,review,2,574,0.65,"Poulet à griller, gésier, cru","Chicken, broiler, gizzard, raw",94,17.66,0,2.06
butter chicken,1 portion,review,3,576,0.65,"Poulet à griller, coeur, cru","Chicken, broiler, heart, raw",153,15.55,0.71,9.33
butter chicken,1 portion,review,4,578,0.65,"Poulet à griller, foie, cru","Chicken, broiler, liver, raw",119,16.92,0.73,4.83
butter chicken,1 portion,review,5,641,0.65,"Poulet à rôtir, abats, cru","Chicken, roasting, giblets, raw",127,18.14,1.14,5.04
butter chicken,1 portion,review,6,650,0.65,"Poulet à bouillir, abats, cru","Chicken, stewing, giblets, raw",168,17.89,2.13,9.21
butter chicken,1 portion,review,7,660,0.65,"Poulet, chapon, abats, cru","Chicken, capon, giblets, raw",130,18.28,1.42,5.18
butter chicken,1 portion,review,8,918,0.65,"Poulet, haché, maigre, cru","Chicken, ground, lean, raw",143,17.44,0.04,8.1
tikka masala,1 portion,review,1,571,0.617,"Poulet à griller, abats, cru","Chicken, broiler, giblets, raw",124,17.88,1.8,4.47
tikka masala,1 portion,review,2,574,0.617,"Poulet à griller, gésier, cru","Chicken, broiler, gizzard, raw",94,17.66,0,2.06
tikka masala,1 portion,review,3,576,0.617,"Poulet à griller, coeur, cru","Chicken, broiler, heart, raw",153,15.55,0.71,9.33
tikka masala,1 portion,review,4,578,0.617,"Poulet à griller, foie, cru","Chicken, broiler, liver, raw",119,16.92,0.73,4.83
tikka masala,1 portion,review,5,641,0.617,"Poulet à rôtir, abats, cru","Chicken, roasting, giblets, raw",127,18.14,1.14,5.04
tikka masala,1 portion,review,6,650,0.617,"Poulet à bouillir, abats, cru","Chicken, stewing, giblets, raw",168,17.89,2.13,9.21
tikka masala,1 portion,review,7,660,0.617,"Poulet, chapon, abats, cru","Chicken, capon, giblets, raw",130,18.28,1.42,5.18
tikka masala,1 portion,review,8,918,0.617,"Poulet, haché, maigre, cru","Chicken, ground, lean, raw",143,17.44,0.04,8.1
naan,1,review,1,6606,1.017,"Indien, pain naan","Indian, bread, naan",288.805622445,8.924684796,50.017470815,5.893
naan,1,review,2,7252,0.75,"Indien, pain, naan, blé entier","Indian, bread, naan, whole wheat",291.852012095,9.789354056,49.129148968,6.242
naan,1,review,3,1522,0.65,"Fruit à pain, cru","Breadfruit, raw",103,1.07,27.12,0.23
naan,1,review,4,7912,0.636,"Indien, pain naan, ail (inclus oignons rôtis)","Indian, bread, naan, garlic (includes roasted onion)",288.462120365,9.077437023,50.638343068,5.511
naan,1,review,5,2507,0.617,"Graines, fruits à pain, graines, crues","Seeds, breadfruit seeds, raw",191,7.4,29.24,5.59
naan,1,review,6,2509,0.593,"Graines, noix-pain (brosimum dicastrum), graines, crues","Seeds, breadnuttree seeds, raw",217,5.97,46.28,0.99
naan,1,review,7,3996,0.561,"Tartelette grille-pain, fruits (pommes, bleuets, cerises, fraises)","Toaster pastry, fruit (apple, blueberry, cherry, strawberry)",388,4.2,70.32,9.95
naan,1,review,8,6221,0.55,"Tartelette grille-pain, fruits, glacée (pommes, bleuets, cerises, fraises)","Toaster pastry, fruit, frosted (apple, blueberry, cherry, strawberry)",385,4.01,71.83,9.02
fajitas,1 portion,medium,1,6774,1.6,Fajita au poulet et aux légumes,Fajita with chicken and vegetables,155,7.667,20.79,4.664
plantain,1 moyenne,review,1,1661,2.183,"Plantain, (banane des antilles), jaune, cru","Plantain, yellow raw",122,1.3,31.89,0.37
plantain,1 moyenne,review,2,7824,2.183,"Plantain, (banane des antilles), vert, cru","Plantain, green, raw",152,1.25,36.66,0.07
plantain,1 moyenne,review,3,1662,1.733,"Plantain, (banane des antilles), jaune, cuit","Plantain, yellow cooked",116,0.79,31.15,0.18
plantain,1 moyenne,review,4,6927,1.733,"Plantain, vert, frit","Plantain, green, fried",309,1.5,49.17,11.81
plantain,1 moyenne,review,5,7825,1.733,"Plantain, (banane des antilles), vert, bouilli","Plantain, green, boiled",121,1.09,29.15,0.08
plantain,1 moyenne,review,6,1704,0.783,"Banane, crue","Banana, raw",89,1.09,22.84,0.33
plantain,1 moyenne,review,7,4857,0.7,"Piment, banane, cru","Pepper, banana, raw",27,1.66,5.35,0.45
plantain,1 moyenne,review,8,22,0.45,Fromage carvi,"Cheese, caraway",376,25.18,3.06,29.2
manioc,1 tasse cuite,medium,1,2045,2.35,"Manioc, cru","Cassava (manioc), raw",159,1.36,38.06,0.28
manioc,1 tasse cuite,medium,2,6184,1.9,"Manioc, farine","Cassava (manioc), flour",349,2.97,83.07,0.61
miso,1 bol,review,1,22,0.45,Fromage carvi,"Cheese, caraway",376,25.18,3.06,29.2
miso,1 bol,review,2,88,0.45,"Oeuf, canard, entier, frais, cru","Egg, duck, whole, fresh, raw",186,12.81,1.45,13.77
miso,1 bol,review,3,89,0.45,"Oeuf, oie, entier, frais, cru","Egg, goose, whole, fresh, raw",185,13.87,1.35,13.27
miso,1 bol,review,4,90,0.45,"Oeuf, caille, entier, frais, cru","Egg, quail, whole, fresh, raw",159,13.05,0.41,11.09
miso,1 bol,review,5,91,0.45,"Oeuf, dinde, entier, frais, cru","Egg, turkey, whole, fresh, raw",171,13.68,1.15,11.88
miso,1 bol,review,6,173,0.45,"Épices, carvi, graines","Spices, caraway seed",333,19.77,49.9,14.59
miso,1 bol,review,7,212,0.45,"Épices, basilic, frais","Spices, basil, fresh",22,3.15,2.65,0.64
miso,1 bol,review,8,213,0.45,"Épices, aneth, frais","Spices, dill weed, fresh",43,3.46,7.02,1.12
fruits,1 tasse,medium,1,1522,2.1,"Fruit à pain, cru","Breadfruit, raw",103,1.07,27.12,0.23
fruits,1 tasse,medium,2,7623,1.287,"Boisson, punch tropical, prêt-à-boire","Fruit drink, tropical punch, ready-to-drink",10,0,2.5,0
fruits,1 tasse,medium,3,1557,1.197,"Fruits, salade (pêches, poires, abricots, ananas, cerises), conserve, dans l'eau, solides et liquide","Fruit salad (peach, pear, apricot, pineapple, cherry), canned, water pack, solids and liquid",30,0.35,7.87,0.07
fruits,1 tasse,medium,4,1551,1.191,"Fruits, cocktail (pêches, poires, abricots, ananas, cerises, raisins), conserve, dans l'eau, solides et liquide","Fruit cocktail (peach, pear, apricot, pineapple, cherry, grape), canned, water pack, solids and liquid",32,0.42,8.51,0.05
fruits,1 tasse,medium,5,1712,0.923,"Fruits, salade (pêches, poires, abricots, ananas, cerises), conserve, jus, solides et liquide","Fruit salad (peach, pear, apricot, pineapple, cherry), canned, juice pack, solids and liquid",50,0.51,13.05,0.03
fruits,1 tasse,medium,6,5393,0.923,"Fruits, cocktail (pêches, poires, abricots, ananas, cerises, raisins), conserve, dans du sirop extra épais, égouttés","Fruit cocktail (peach, pear, apricot, pineapple, cherry, grape), canned, heavy syrup, drained",70,0.47,18.8,0.1
fruits,1 tasse,medium,7,6638,0.917,"Fruits tropicaux, salade (ananas, papaye rouge et jaune), conserve, dans du jus, solides et liquide","Fruit salad, tropical (pineapple, red and yellow papaya), canned, juice pack, solids and liquid",58,0.404,15.012,0.084
fruits,1 tasse,medium,8,1552,0.911,"Fruits, cocktail (pêches, poires, abricots, ananas, cerises, raisins), conserve, dans du jus, solides et liquide","Fruit cocktail (peach, pear, apricot, pineapple, cherry, grape), canned, juice pack, solids and liquid",46,0.46,11.86,0.01
légumes,1 tasse,review,1,5574,1.37,"Légumes, macédoine, conserve, sans sel","Vegetables, mixed, canned, unsalted",37,1.4,7.31,0.2
légumes,1 tasse,review,2,2474,1.32,"Légumes, macédoine, conserve, solides égouttés","Vegetables, mixed, canned, drained solids",49,2.59,9.26,0.25
légumes,1 tasse,review,3,2270,1.287,"Légumes, macédoine, conserve, solides et liquide","Vegetables, mixed, canned, solids and liquid",36,1.42,7.13,0.25
légumes,1 tasse,review,4,6613,1.263,"Légumes, brocoli et chou-fleur, congelé, bouilli, drainé","Vegetables, broccoli and cauliflower, frozen, boiled, drained",24,2.363,4.559,0.164
légumes,1 tasse,review,5,6612,1.187,"Légumes, mélange asiatique, congelés, bouillis, drainés (brocoli, haricots verts, maïs miniature, pois mange-tout, poivron rouge)","Vegetables, asian mix, frozen, boiled, drained (broccoli, green beans, mini corn, snow peas, red pepper)",39,1.977,8.376,0.368
légumes,1 tasse,review,6,2271,1.09,"Légumes, macédoine, congelée, non préparée","Vegetables, mixed, frozen, unprepared",72,3.33,13.47,0.52
légumes,1 tasse,review,7,2473,1.09,"Légumes, jus, cocktail, conserve","Vegetable juice cocktail, canned",22,0.93,3.87,0.31
légumes,1 tasse,review,8,2272,1.04,"Légumes, macédoine, congelée, bouillie, égouttée","Vegetables, mixed, frozen, boiled, drained",65,2.86,13.09,0.15
